pair,direction,shape_class,texture_class,content_idx,style_idx,resnet50_head_pred,resnet50_head_conf,resnet50_head_decision,vit_b16_head_pred,vit_b16_head_conf,vit_b16_head_decision,clip_head_pred,clip_head_conf,clip_head_decision,clip_zeroshot_pred,clip_zeroshot_conf,clip_zeroshot_decision,category
airplane/horse,A_shape_B_texture,airplane,horse,459,47,bird,0.6918731,other,car,0.38594007,other,truck,0.10719688,other,car,0.47539866,other,all_other
airplane/horse,A_shape_B_texture,airplane,horse,282,329,ship,0.95383245,other,car,0.6522684,other,airplane,0.116642036,shape,airplane,0.57440454,shape,mixed_other
airplane/horse,A_shape_B_texture,airplane,horse,183,173,bird,0.9471044,other,bird,0.9346782,other,bird,0.11929636,other,bird,0.71508574,other,all_other
airplane/horse,A_shape_B_texture,airplane,horse,245,203,bird,0.9757259,other,airplane,0.51007134,shape,bird,0.10494022,other,bird,0.3805777,other,mixed_other
airplane/horse,A_shape_B_texture,airplane,horse,399,259,bird,0.6109475,other,bird,0.8440117,other,airplane,0.11894092,shape,airplane,0.4885408,shape,mixed_other
airplane/horse,A_shape_B_texture,airplane,horse,460,21,horse,0.7415238,texture,airplane,0.8463949,shape,horse,0.113049984,texture,horse,0.73478746,texture,disagree_shape_vs_texture
airplane/horse,A_shape_B_texture,airplane,horse,201,428,bird,0.9744459,other,airplane,0.95255727,shape,airplane,0.13146704,shape,airplane,0.80149937,shape,mixed_other
airplane/horse,A_shape_B_texture,airplane,horse,45,335,deer,0.8346915,other,airplane,0.22470887,shape,airplane,0.11249974,shape,airplane,0.6745138,shape,mixed_other
airplane/horse,A_shape_B_texture,airplane,horse,482,388,bird,0.7782263,other,airplane,0.74884456,shape,airplane,0.13267128,shape,airplane,0.9407245,shape,mixed_other
airplane/horse,A_shape_B_texture,airplane,horse,293,486,bird,0.34371325,other,bird,0.45217803,other,cat,0.10653283,other,bird,0.26857913,other,all_other
airplane/horse,A_shape_B_texture,airplane,horse,242,123,bird,0.93205583,other,airplane,0.90676725,shape,bird,0.10497108,other,horse,0.3412272,texture,disagree_shape_vs_texture
airplane/horse,A_shape_B_texture,airplane,horse,362,426,bird,0.53425467,other,horse,0.2823367,texture,truck,0.103375085,other,monkey,0.26462808,other,mixed_other
airplane/horse,A_shape_B_texture,airplane,horse,474,324,deer,0.45351195,other,bird,0.8509891,other,airplane,0.11434981,shape,airplane,0.52153623,shape,mixed_other
airplane/horse,A_shape_B_texture,airplane,horse,167,464,bird,0.59542507,other,bird,0.8247525,other,bird,0.1201306,other,bird,0.93318343,other,all_other
airplane/horse,A_shape_B_texture,airplane,horse,317,114,bird,0.8786126,other,airplane,0.6943885,shape,horse,0.12583771,texture,horse,0.94094336,texture,disagree_shape_vs_texture
airplane/horse,A_shape_B_texture,airplane,horse,264,275,bird,0.9973857,other,airplane,0.8997462,shape,airplane,0.111545786,shape,bird,0.24054308,other,mixed_other
airplane/horse,A_shape_B_texture,airplane,horse,126,473,bird,0.9665256,other,monkey,0.4134443,other,monkey,0.10403299,other,bird,0.18710889,other,all_other
airplane/horse,A_shape_B_texture,airplane,horse,199,261,bird,0.97034955,other,bird,0.5121349,other,deer,0.11359527,other,bird,0.4844383,other,all_other
airplane/horse,A_shape_B_texture,airplane,horse,378,112,bird,0.6967115,other,airplane,0.9561415,shape,bird,0.102864996,other,ship,0.35296723,other,mixed_other
airplane/horse,A_shape_B_texture,airplane,horse,89,219,cat,0.80188066,other,bird,0.21510136,other,bird,0.10210511,other,ship,0.21433143,other,all_other
airplane/horse,A_shape_B_texture,airplane,horse,0,159,truck,0.28576532,other,airplane,0.8886628,shape,airplane,0.11420402,shape,airplane,0.29205254,shape,mixed_other
airplane/horse,A_shape_B_texture,airplane,horse,91,353,cat,0.52223784,other,deer,0.2484618,other,airplane,0.11804904,shape,airplane,0.6475396,shape,mixed_other
airplane/horse,A_shape_B_texture,airplane,horse,297,276,ship,0.49620044,other,airplane,0.611253,shape,truck,0.10617152,other,truck,0.39653105,other,mixed_other
airplane/horse,A_shape_B_texture,airplane,horse,208,381,bird,0.7224574,other,bird,0.7270211,other,bird,0.10575987,other,bird,0.49872425,other,all_other
airplane/horse,A_shape_B_texture,airplane,horse,462,209,bird,0.85662293,other,car,0.31384647,other,airplane,0.10681724,shape,bird,0.41308948,other,mixed_other
airplane/horse,B_shape_A_texture,horse,airplane,329,403,horse,0.8870637,shape,horse,0.3682698,shape,deer,0.11315227,other,deer,0.45953196,other,mixed_other
airplane/horse,B_shape_A_texture,horse,airplane,276,482,bird,0.96176386,other,bird,0.72165203,other,bird,0.11607446,other,bird,0.83020884,other,all_other
airplane/horse,B_shape_A_texture,horse,airplane,335,181,airplane,0.48161405,texture,airplane,0.7694151,texture,truck,0.10328653,other,ship,0.18134554,other,mixed_other
airplane/horse,B_shape_A_texture,horse,airplane,230,22,deer,0.46050596,other,airplane,0.41904604,texture,horse,0.11446339,shape,horse,0.8976699,shape,disagree_shape_vs_texture
airplane/horse,B_shape_A_texture,horse,airplane,353,317,ship,0.60693383,other,airplane,0.92431104,texture,bird,0.104655065,other,car,0.23058161,other,mixed_other
airplane/horse,B_shape_A_texture,horse,airplane,352,393,bird,0.5282754,other,airplane,0.3853572,texture,bird,0.11961682,other,bird,0.9209374,other,mixed_other
airplane/horse,B_shape_A_texture,horse,airplane,302,285,ship,0.95531166,other,airplane,0.3613356,texture,bird,0.11284781,other,bird,0.8318546,other,mixed_other
airplane/horse,B_shape_A_texture,horse,airplane,179,384,bird,0.7754622,other,bird,0.8367816,other,bird,0.10340786,other,bird,0.23579861,other,all_other
airplane/horse,B_shape_A_texture,horse,airplane,259,387,airplane,0.6512343,texture,airplane,0.7452744,texture,airplane,0.121471375,texture,ship,0.52372324,other,mixed_other
airplane/horse,B_shape_A_texture,horse,airplane,209,371,ship,0.4445243,other,ship,0.23983772,other,cat,0.10267831,other,monkey,0.24684115,other,all_other
airplane/horse,B_shape_A_texture,horse,airplane,123,208,ship,0.91819304,other,airplane,0.9651824,texture,bird,0.10508115,other,bird,0.1608115,other,mixed_other
airplane/horse,B_shape_A_texture,horse,airplane,43,297,cat,0.3237964,other,car,0.32330772,other,horse,0.1264691,shape,horse,0.9699851,shape,mixed_other
airplane/horse,B_shape_A_texture,horse,airplane,203,348,horse,0.9525063,shape,horse,0.99890196,shape,horse,0.14846933,shape,horse,0.99641657,shape,all_shape
airplane/horse,B_shape_A_texture,horse,airplane,281,462,horse,0.32620716,shape,airplane,0.517238,texture,bird,0.1130096,other,bird,0.62977606,other,disagree_shape_vs_texture
airplane/horse,B_shape_A_texture,horse,airplane,381,399,bird,0.44105372,other,bird,0.96908194,other,bird,0.10904642,other,bird,0.53813887,other,all_other
airplane/horse,B_shape_A_texture,horse,airplane,430,167,ship,0.50163114,other,truck,0.5545302,other,truck,0.110900536,other,truck,0.68132067,other,all_other
airplane/horse,B_shape_A_texture,horse,airplane,388,199,ship,0.72823995,other,airplane,0.6381944,texture,bird,0.10519465,other,ship,0.45840496,other,mixed_other
airplane/horse,B_shape_A_texture,horse,airplane,476,454,airplane,0.36334962,texture,car,0.4018193,other,truck,0.10347177,other,ship,0.27712223,other,mixed_other
airplane/horse,B_shape_A_texture,horse,airplane,486,242,airplane,0.88846713,texture,airplane,0.85314995,texture,deer,0.10460684,other,deer,0.2718347,other,mixed_other
airplane/horse,B_shape_A_texture,horse,airplane,47,264,bird,0.91410995,other,bird,0.5827888,other,bird,0.10710329,other,bird,0.5484905,other,all_other
airplane/horse,B_shape_A_texture,horse,airplane,21,0,bird,0.95599616,other,car,0.1818706,other,bird,0.105277024,other,bird,0.360436,other,all_other
airplane/horse,B_shape_A_texture,horse,airplane,261,54,airplane,0.90568143,texture,airplane,0.97521657,texture,bird,0.103801504,other,ship,0.29760614,other,mixed_other
airplane/horse,B_shape_A_texture,horse,airplane,339,201,bird,0.6092631,other,airplane,0.2522088,texture,bird,0.10346331,other,bird,0.2254935,other,mixed_other
airplane/horse,B_shape_A_texture,horse,airplane,112,146,ship,0.8525412,other,airplane,0.64978117,texture,bird,0.112142,other,bird,0.45080078,other,mixed_other
airplane/horse,B_shape_A_texture,horse,airplane,407,263,bird,0.60414904,other,bird,0.8351939,other,bird,0.11162758,other,bird,0.5045693,other,all_other
bird/car,A_shape_B_texture,bird,car,288,258,bird,0.99196714,shape,bird,0.5216106,shape,bird,0.13100712,shape,bird,0.9705847,shape,all_shape
bird/car,A_shape_B_texture,bird,car,479,97,airplane,0.31854337,other,airplane,0.44325018,other,bird,0.117295526,shape,bird,0.9274463,shape,mixed_other
bird/car,A_shape_B_texture,bird,car,493,320,ship,0.6578339,other,airplane,0.89581513,other,bird,0.113160685,shape,bird,0.8173009,shape,mixed_other
bird/car,A_shape_B_texture,bird,car,380,495,bird,0.9996815,shape,bird,0.99946564,shape,bird,0.12744132,shape,bird,0.96212983,shape,all_shape
bird/car,A_shape_B_texture,bird,car,121,59,bird,0.2623365,shape,cat,0.34479797,other,bird,0.104978696,shape,ship,0.28117874,other,mixed_other
bird/car,A_shape_B_texture,bird,car,147,187,airplane,0.6927109,other,airplane,0.94857013,other,bird,0.104796946,shape,bird,0.22427665,shape,mixed_other
bird/car,A_shape_B_texture,bird,car,443,213,bird,0.582995,shape,airplane,0.417263,other,bird,0.10873026,shape,bird,0.50167054,shape,mixed_other
bird/car,A_shape_B_texture,bird,car,359,463,airplane,0.45108142,other,bird,0.6760617,shape,bird,0.1218358,shape,bird,0.9307803,shape,mixed_other
bird/car,A_shape_B_texture,bird,car,338,103,bird,0.5909549,shape,bird,0.7722695,shape,bird,0.12744705,shape,bird,0.9497139,shape,all_shape
bird/car,A_shape_B_texture,bird,car,251,292,bird,0.5054478,shape,bird,0.98802525,shape,bird,0.12551095,shape,bird,0.9725457,shape,all_shape
bird/car,A_shape_B_texture,bird,car,58,412,bird,0.55889255,shape,airplane,0.4673427,other,bird,0.10998351,shape,bird,0.5876586,shape,mixed_other
bird/car,A_shape_B_texture,bird,car,9,246,cat,0.40314466,other,bird,0.51875687,shape,bird,0.11539021,shape,bird,0.7888443,shape,mixed_other
bird/car,A_shape_B_texture,bird,car,249,392,airplane,0.42040324,other,airplane,0.8302042,other,bird,0.12441416,shape,bird,0.98831743,shape,mixed_other
bird/car,A_shape_B_texture,bird,car,152,49,bird,0.78053254,shape,bird,0.3621437,shape,bird,0.11776016,shape,bird,0.8995722,shape,all_shape
bird/car,A_shape_B_texture,bird,car,374,227,bird,0.9516772,shape,bird,0.45850235,shape,bird,0.13470225,shape,bird,0.9922133,shape,all_shape
bird/car,A_shape_B_texture,bird,car,87,60,bird,0.9845845,shape,airplane,0.40778235,other,bird,0.12995069,shape,bird,0.9853801,shape,mixed_other
bird/car,A_shape_B_texture,bird,car,20,144,bird,0.45060807,shape,bird,0.39954945,shape,truck,0.10494206,other,horse,0.21537623,other,mixed_other
bird/car,A_shape_B_texture,bird,car,406,142,bird,0.52778226,shape,car,0.35330692,texture,bird,0.10579147,shape,bird,0.3475091,shape,disagree_shape_vs_texture
bird/car,A_shape_B_texture,bird,car,94,375,bird,0.9812149,shape,bird,0.99955636,shape,bird,0.14430012,shape,bird,0.99734443,shape,all_shape
bird/car,A_shape_B_texture,bird,car,67,498,bird,0.7955197,shape,truck,0.3170953,other,bird,0.12677501,shape,bird,0.9718703,shape,mixed_other
bird/car,A_shape_B_texture,bird,car,424,70,bird,0.9725055,shape,bird,0.6638348,shape,bird,0.12317958,shape,bird,0.9362897,shape,all_shape
bird/car,A_shape_B_texture,bird,car,434,210,bird,0.9990447,shape,bird,0.9996617,shape,bird,0.13632895,shape,bird,0.99046105,shape,all_shape
bird/car,A_shape_B_texture,bird,car,172,307,ship,0.91278774,other,airplane,0.7662361,other,bird,0.1096986,shape,bird,0.27421018,shape,mixed_other
bird/car,A_shape_B_texture,bird,car,122,10,bird,0.84821653,shape,bird,0.4986808,shape,bird,0.12140217,shape,bird,0.9039495,shape,all_shape
bird/car,A_shape_B_texture,bird,car,248,277,bird,0.9974131,shape,bird,0.99829143,shape,bird,0.14205033,shape,bird,0.9959054,shape,all_shape
bird/car,B_shape_A_texture,car,bird,320,359,bird,0.5868452,texture,car,0.4338138,shape,car,0.11879669,shape,car,0.9613654,shape,disagree_shape_vs_texture
bird/car,B_shape_A_texture,car,bird,357,116,bird,0.49312496,texture,airplane,0.3976399,other,truck,0.10441393,other,bird,0.18310145,texture,mixed_other
bird/car,B_shape_A_texture,car,bird,277,152,bird,0.8694657,texture,car,0.7412912,shape,car,0.11736685,shape,car,0.97484493,shape,disagree_shape_vs_texture
bird/car,B_shape_A_texture,car,bird,307,386,bird,0.92192465,texture,airplane,0.22902802,other,bird,0.10585384,texture,bird,0.3178118,texture,mixed_other
bird/car,B_shape_A_texture,car,bird,306,3,bird,0.810505,texture,car,0.8708264,shape,car,0.10642512,shape,car,0.8093593,shape,disagree_shape_vs_texture
bird/car,B_shape_A_texture,car,bird,142,249,bird,0.9164114,texture,bird,0.2424692,texture,bird,0.106968,texture,bird,0.34455514,texture,all_texture
bird/car,B_shape_A_texture,car,bird,337,402,car,0.8736252,shape,car,0.9932549,shape,car,0.12816903,shape,car,0.95235646,shape,all_shape
bird/car,B_shape_A_texture,car,bird,97,279,bird,0.8988957,texture,car,0.91249675,shape,horse,0.10587823,other,car,0.46570107,shape,disagree_shape_vs_texture
bird/car,B_shape_A_texture,car,bird,332,342,bird,0.79925376,texture,car,0.97017306,shape,car,0.11380735,shape,car,0.81427765,shape,disagree_shape_vs_texture
bird/car,B_shape_A_texture,car,bird,98,251,car,0.9251161,shape,car,0.9974968,shape,car,0.12532473,shape,car,0.9919368,shape,all_shape
bird/car,B_shape_A_texture,car,bird,463,20,bird,0.7303435,texture,car,0.8533421,shape,car,0.11665407,shape,car,0.9370351,shape,disagree_shape_vs_texture
bird/car,B_shape_A_texture,car,bird,213,42,bird,0.73517233,texture,car,0.86714447,shape,car,0.11990893,shape,car,0.93525845,shape,disagree_shape_vs_texture
bird/car,B_shape_A_texture,car,bird,412,493,bird,0.90359753,texture,bird,0.52324104,texture,truck,0.110550635,other,car,0.5546461,shape,disagree_shape_vs_texture
bird/car,B_shape_A_texture,car,bird,187,11,bird,0.83614475,texture,car,0.8664091,shape,car,0.11432369,shape,car,0.92570835,shape,disagree_shape_vs_texture
bird/car,B_shape_A_texture,car,bird,144,93,bird,0.9740977,texture,bird,0.55538905,texture,bird,0.11733058,texture,bird,0.7440944,texture,all_texture
bird/car,B_shape_A_texture,car,bird,49,9,bird,0.8712509,texture,car,0.9686515,shape,car,0.11759205,shape,car,0.9665109,shape,disagree_shape_vs_texture
bird/car,B_shape_A_texture,car,bird,204,225,bird,0.72681457,texture,car,0.97466767,shape,car,0.12065744,shape,car,0.9860852,shape,disagree_shape_vs_texture
bird/car,B_shape_A_texture,car,bird,103,385,bird,0.9423441,texture,truck,0.34222814,other,truck,0.110633746,other,truck,0.58127284,other,mixed_other
bird/car,B_shape_A_texture,car,bird,375,234,bird,0.9465584,texture,car,0.7796507,shape,car,0.115818106,shape,car,0.96096504,shape,disagree_shape_vs_texture
bird/car,B_shape_A_texture,car,bird,330,451,bird,0.41821587,texture,car,0.96685,shape,car,0.123726174,shape,car,0.980606,shape,disagree_shape_vs_texture
bird/car,B_shape_A_texture,car,bird,70,374,deer,0.5486241,other,car,0.9718161,shape,car,0.10981238,shape,car,0.85365313,shape,mixed_other
bird/car,B_shape_A_texture,car,bird,272,247,bird,0.89609367,texture,car,0.97803736,shape,car,0.114344634,shape,car,0.95644796,shape,disagree_shape_vs_texture
bird/car,B_shape_A_texture,car,bird,363,434,car,0.69079685,shape,car,0.9729935,shape,car,0.12687166,shape,car,0.98983544,shape,all_shape
bird/car,B_shape_A_texture,car,bird,59,52,bird,0.8849012,texture,car,0.9884552,shape,car,0.109406866,shape,car,0.8130645,shape,disagree_shape_vs_texture
bird/car,B_shape_A_texture,car,bird,210,147,bird,0.9834003,texture,monkey,0.5644386,other,bird,0.10970242,texture,car,0.64791787,shape,disagree_shape_vs_texture
cat/ship,A_shape_B_texture,cat,ship,105,379,airplane,0.6179259,other,airplane,0.93816847,other,airplane,0.10529093,other,car,0.23358455,other,all_other
cat/ship,A_shape_B_texture,cat,ship,132,494,horse,0.67264473,other,dog,0.28557268,other,dog,0.11512758,other,horse,0.5404081,other,all_other
cat/ship,A_shape_B_texture,cat,ship,331,395,ship,0.93082017,texture,airplane,0.32312313,other,truck,0.10628046,other,car,0.36454326,other,mixed_other
cat/ship,A_shape_B_texture,cat,ship,244,99,ship,0.5800915,texture,ship,0.85841656,texture,airplane,0.107355244,other,airplane,0.32250822,other,mixed_other
cat/ship,A_shape_B_texture,cat,ship,243,232,truck,0.49554273,other,cat,0.32927665,shape,truck,0.10449748,other,monkey,0.23799446,other,mixed_other
cat/ship,A_shape_B_texture,cat,ship,445,226,ship,0.9103362,texture,airplane,0.53983843,other,bird,0.117482424,other,bird,0.940573,other,mixed_other
cat/ship,A_shape_B_texture,cat,ship,131,311,ship,0.9958039,texture,ship,0.47635847,texture,bird,0.10632581,other,ship,0.23119007,texture,mixed_other
cat/ship,A_shape_B_texture,cat,ship,135,128,airplane,0.47104254,other,airplane,0.9805895,other,bird,0.10451356,other,car,0.25964803,other,all_other
cat/ship,A_shape_B_texture,cat,ship,398,341,ship,0.903367,texture,airplane,0.5711035,other,bird,0.103758566,other,ship,0.25841707,texture,mixed_other
cat/ship,A_shape_B_texture,cat,ship,38,343,bird,0.45521483,other,cat,0.9476491,shape,cat,0.11885842,shape,bird,0.548689,other,mixed_other
cat/ship,A_shape_B_texture,cat,ship,78,178,airplane,0.5804422,other,airplane,0.6803441,other,dog,0.10435809,other,bird,0.22172925,other,all_other
cat/ship,A_shape_B_texture,cat,ship,145,83,ship,0.91346693,texture,ship,0.41526225,texture,cat,0.13296425,shape,cat,0.92015666,shape,disagree_shape_vs_texture
cat/ship,A_shape_B_texture,cat,ship,376,29,ship,0.62411934,texture,airplane,0.69579834,other,bird,0.10844474,other,ship,0.27186376,texture,mixed_other
cat/ship,A_shape_B_texture,cat,ship,441,149,ship,0.9366073,texture,ship,0.9948089,texture,truck,0.10376348,other,ship,0.21289612,texture,mixed_other
cat/ship,A_shape_B_texture,cat,ship,7,151,ship,0.95586663,texture,airplane,0.56191516,other,cat,0.11093081,shape,cat,0.43686152,shape,disagree_shape_vs_texture
cat/ship,A_shape_B_texture,cat,ship,235,411,ship,0.7931166,texture,truck,0.29818076,other,bird,0.10831193,other,car,0.37321252,other,mixed_other
cat/ship,A_shape_B_texture,cat,ship,340,35,ship,0.92900485,texture,airplane,0.6285271,other,bird,0.10416831,other,bird,0.20316364,other,mixed_other
cat/ship,A_shape_B_texture,cat,ship,372,289,ship,0.5541257,texture,airplane,0.9387873,other,truck,0.10382977,other,ship,0.18301155,texture,mixed_other
cat/ship,A_shape_B_texture,cat,ship,313,239,bird,0.95077705,other,truck,0.2554206,other,bird,0.10877593,other,bird,0.45470235,other,all_other
cat/ship,A_shape_B_texture,cat,ship,80,18,ship,0.6702853,texture,airplane,0.23107168,other,truck,0.10430583,other,car,0.2312047,other,mixed_other
cat/ship,A_shape_B_texture,cat,ship,74,433,airplane,0.66911095,other,airplane,0.90104616,other,bird,0.10421048,other,bird,0.28854573,other,all_other
cat/ship,A_shape_B_texture,cat,ship,484,115,cat,0.4618071,shape,cat,0.99657357,shape,deer,0.124714255,other,deer,0.9934378,other,mixed_other
cat/ship,A_shape_B_texture,cat,ship,440,262,ship,0.98755044,texture,ship,0.40977338,texture,truck,0.10321633,other,bird,0.23160192,other,mixed_other
cat/ship,A_shape_B_texture,cat,ship,180,104,ship,0.9768523,texture,ship,0.88860404,texture,truck,0.10574723,other,ship,0.2167907,texture,mixed_other
cat/ship,A_shape_B_texture,cat,ship,366,286,ship,0.829933,texture,airplane,0.8012042,other,truck,0.10329195,other,ship,0.36241087,texture,mixed_other
cat/ship,B_shape_A_texture,ship,cat,115,193,bird,0.70505303,other,ship,0.63270664,shape,ship,0.12842885,shape,ship,0.99320084,shape,mixed_other
cat/ship,B_shape_A_texture,ship,cat,18,243,deer,0.83716613,other,bird,0.23837262,other,airplane,0.10913008,other,ship,0.7201509,shape,mixed_other
cat/ship,B_shape_A_texture,ship,cat,286,309,bird,0.7671649,other,bird,0.5306511,other,bird,0.10822906,other,bird,0.46236113,other,all_other
cat/ship,B_shape_A_texture,ship,cat,149,437,ship,0.4135107,shape,cat,0.71219075,texture,bird,0.104004346,other,bird,0.1862415,other,disagree_shape_vs_texture
cat/ship,B_shape_A_texture,ship,cat,25,84,ship,0.7833929,shape,bird,0.43591708,other,ship,0.124611534,shape,ship,0.987605,shape,mixed_other
cat/ship,B_shape_A_texture,ship,cat,494,61,cat,0.36395124,texture,ship,0.5766087,shape,ship,0.12860878,shape,ship,0.99202555,shape,disagree_shape_vs_texture
cat/ship,B_shape_A_texture,ship,cat,273,105,bird,0.97228336,other,bird,0.89001155,other,bird,0.11284435,other,bird,0.8046536,other,all_other
cat/ship,B_shape_A_texture,ship,cat,178,372,bird,0.80923223,other,bird,0.39480528,other,bird,0.10535382,other,monkey,0.24913208,other,all_other
cat/ship,B_shape_A_texture,ship,cat,29,313,cat,0.710356,texture,bird,0.47026843,other,truck,0.102767855,other,car,0.26132438,other,mixed_other
cat/ship,B_shape_A_texture,ship,cat,382,398,deer,0.6199561,other,bird,0.8917431,other,bird,0.10487456,other,bird,0.36142248,other,all_other
cat/ship,B_shape_A_texture,ship,cat,475,132,bird,0.8015848,other,bird,0.657098,other,truck,0.105123766,other,bird,0.23980157,other,all_other
cat/ship,B_shape_A_texture,ship,cat,151,413,bird,0.9666858,other,cat,0.5287663,texture,ship,0.11377911,shape,ship,0.9717747,shape,disagree_shape_vs_texture
cat/ship,B_shape_A_texture,ship,cat,311,145,bird,0.78553873,other,car,0.6745534,other,truck,0.10566687,other,car,0.32449335,other,all_other
cat/ship,B_shape_A_texture,ship,cat,195,440,bird,0.918102,other,airplane,0.40227792,other,bird,0.10508766,other,car,0.21288061,other,all_other
cat/ship,B_shape_A_texture,ship,cat,99,453,bird,0.8582817,other,airplane,0.22894073,other,bird,0.11238372,other,monkey,0.47898927,other,all_other
cat/ship,B_shape_A_texture,ship,cat,341,100,bird,0.8341404,other,bird,0.7352462,other,ship,0.11083331,shape,ship,0.9621411,shape,mixed_other
cat/ship,B_shape_A_texture,ship,cat,262,457,deer,0.7294504,other,ship,0.7099478,shape,ship,0.12080452,shape,ship,0.98048234,shape,mixed_other
cat/ship,B_shape_A_texture,ship,cat,497,376,deer,0.6737024,other,cat,0.51243865,texture,horse,0.10479961,other,ship,0.800951,shape,disagree_shape_vs_texture
cat/ship,B_shape_A_texture,ship,cat,191,284,bird,0.75964624,other,ship,0.67071307,shape,truck,0.109445296,other,ship,0.44888526,shape,mixed_other
cat/ship,B_shape_A_texture,ship,cat,83,441,deer,0.7301516,other,ship,0.3720927,shape,ship,0.112871185,shape,ship,0.9481633,shape,mixed_other
cat/ship,B_shape_A_texture,ship,cat,395,305,bird,0.99969935,other,bird,0.8377266,other,bird,0.11090579,other,bird,0.69855326,other,all_other
cat/ship,B_shape_A_texture,ship,cat,351,244,ship,0.31191328,shape,ship,0.89126325,shape,ship,0.110275365,shape,ship,0.83022267,shape,all_shape
cat/ship,B_shape_A_texture,ship,cat,456,340,deer,0.4766793,other,ship,0.25814956,shape,truck,0.10541982,other,ship,0.32295537,shape,mixed_other
cat/ship,B_shape_A_texture,ship,cat,323,271,bird,0.6910268,other,bird,0.388306,other,cat,0.10673357,texture,monkey,0.23844115,other,mixed_other
cat/ship,B_shape_A_texture,ship,cat,433,300,ship,0.96319556,shape,car,0.23293057,other,bird,0.10975032,other,ship,0.31020218,shape,mixed_other
deer/truck,A_shape_B_texture,deer,truck,138,470,ship,0.49481058,other,bird,0.2856717,other,bird,0.10638186,other,bird,0.6093699,other,all_other
deer/truck,A_shape_B_texture,deer,truck,113,280,ship,0.33288795,other,airplane,0.9649727,other,deer,0.12048767,shape,deer,0.9709853,shape,mixed_other
deer/truck,A_shape_B_texture,deer,truck,133,409,ship,0.9421842,other,deer,0.80242306,shape,horse,0.10763268,other,horse,0.542576,other,mixed_other
deer/truck,A_shape_B_texture,deer,truck,124,360,car,0.42555737,other,car,0.29605454,other,deer,0.11321397,shape,deer,0.93408406,shape,mixed_other
deer/truck,A_shape_B_texture,deer,truck,480,429,ship,0.9138383,other,airplane,0.92146194,other,bird,0.10432197,other,bird,0.39464393,other,all_other
deer/truck,A_shape_B_texture,deer,truck,81,75,ship,0.52742463,other,airplane,0.9990044,other,bird,0.104978085,other,bird,0.23281181,other,all_other
deer/truck,A_shape_B_texture,deer,truck,215,472,truck,0.52502805,texture,ship,0.73981386,other,airplane,0.105723254,other,airplane,0.2946173,other,mixed_other
deer/truck,A_shape_B_texture,deer,truck,345,418,deer,0.53435504,shape,bird,0.9368365,other,bird,0.12798838,other,bird,0.9772056,other,mixed_other
deer/truck,A_shape_B_texture,deer,truck,423,442,truck,0.7724855,texture,car,0.33696467,other,deer,0.10225314,shape,car,0.21862528,other,disagree_shape_vs_texture
deer/truck,A_shape_B_texture,deer,truck,27,410,airplane,0.2826211,other,airplane,0.3778598,other,truck,0.10389476,texture,car,0.32982376,other,mixed_other
deer/truck,A_shape_B_texture,deer,truck,82,492,horse,0.57423115,other,deer,0.50922185,shape,deer,0.13440071,shape,deer,0.97926235,shape,mixed_other
deer/truck,A_shape_B_texture,deer,truck,344,377,ship,0.6436947,other,ship,0.421317,other,airplane,0.10251594,other,deer,0.32424283,shape,mixed_other
deer/truck,A_shape_B_texture,deer,truck,269,34,deer,0.7811272,shape,deer,0.2946871,shape,deer,0.109489076,shape,deer,0.91830724,shape,all_shape
deer/truck,A_shape_B_texture,deer,truck,266,160,deer,0.9458262,shape,deer,0.49163342,shape,deer,0.11897934,shape,horse,0.5960269,other,mixed_other
deer/truck,A_shape_B_texture,deer,truck,487,218,ship,0.79768807,other,ship,0.53076667,other,airplane,0.12179763,other,airplane,0.7952193,other,all_other
deer/truck,A_shape_B_texture,deer,truck,316,396,ship,0.97578543,other,airplane,0.6225598,other,bird,0.1049585,other,ship,0.22687419,other,all_other
deer/truck,A_shape_B_texture,deer,truck,461,489,bird,0.6735546,other,airplane,0.46801066,other,bird,0.105782576,other,car,0.3732018,other,all_other
deer/truck,A_shape_B_texture,deer,truck,336,283,truck,0.76123744,texture,bird,0.21878135,other,truck,0.10487528,texture,ship,0.26053807,other,mixed_other
deer/truck,A_shape_B_texture,deer,truck,350,119,ship,0.9598377,other,ship,0.48277363,other,airplane,0.10382428,other,ship,0.7022876,other,all_other
deer/truck,A_shape_B_texture,deer,truck,175,466,airplane,0.5379437,other,airplane,0.93661815,other,bird,0.104480684,other,bird,0.24065073,other,all_other
deer/truck,A_shape_B_texture,deer,truck,206,240,car,0.7846574,other,airplane,0.5883864,other,airplane,0.1156338,other,car,0.43245208,other,all_other
deer/truck,A_shape_B_texture,deer,truck,298,111,ship,0.3787162,other,deer,0.9862461,shape,deer,0.1294645,shape,deer,0.99593276,shape,mixed_other
deer/truck,A_shape_B_texture,deer,truck,481,79,ship,0.7953914,other,airplane,0.49483815,other,deer,0.1066602,shape,horse,0.35321558,other,mixed_other
deer/truck,A_shape_B_texture,deer,truck,63,296,airplane,0.59668934,other,airplane,0.9152427,other,deer,0.10756128,shape,deer,0.37695053,shape,mixed_other
deer/truck,A_shape_B_texture,deer,truck,28,158,deer,0.7682741,shape,ship,0.72383726,other,deer,0.14113866,shape,deer,0.99649376,shape,mixed_other
deer/truck,B_shape_A_texture,truck,deer,280,186,horse,0.6079426,other,car,0.42747086,other,horse,0.108472556,other,ship,0.29141766,other,all_other
deer/truck,B_shape_A_texture,truck,deer,296,133,deer,0.7445622,texture,car,0.30716082,other,truck,0.10787802,shape,truck,0.33994532,shape,disagree_shape_vs_texture
deer/truck,B_shape_A_texture,truck,deer,165,423,truck,0.89980125,shape,truck,0.9958378,shape,truck,0.13108887,shape,truck,0.986226,shape,all_shape
deer/truck,B_shape_A_texture,truck,deer,218,390,deer,0.38272735,texture,airplane,0.6515791,other,truck,0.10294661,shape,ship,0.27321145,other,disagree_shape_vs_texture
deer/truck,B_shape_A_texture,truck,deer,361,336,deer,0.54038197,texture,bird,0.29042193,other,truck,0.102838114,shape,monkey,0.28699592,other,disagree_shape_vs_texture
deer/truck,B_shape_A_texture,truck,deer,401,137,deer,0.97392154,texture,deer,0.68474245,texture,truck,0.105320305,shape,ship,0.4206547,other,disagree_shape_vs_texture
deer/truck,B_shape_A_texture,truck,deer,410,316,truck,0.45952946,shape,truck,0.9818205,shape,truck,0.11788034,shape,truck,0.9013116,shape,all_shape
deer/truck,B_shape_A_texture,truck,deer,377,27,truck,0.9127929,shape,truck,0.99836355,shape,truck,0.1286509,shape,truck,0.97989434,shape,all_shape
deer/truck,B_shape_A_texture,truck,deer,231,82,deer,0.92939276,texture,bird,0.34097368,other,truck,0.10779727,shape,car,0.26919332,other,disagree_shape_vs_texture
deer/truck,B_shape_A_texture,truck,deer,160,326,deer,0.6063303,texture,deer,0.39617535,texture,truck,0.112250894,shape,truck,0.61313355,shape,disagree_shape_vs_texture
deer/truck,B_shape_A_texture,truck,deer,491,345,deer,0.8588742,texture,deer,0.42811203,texture,truck,0.10513397,shape,car,0.2904843,other,disagree_shape_vs_texture
deer/truck,B_shape_A_texture,truck,deer,268,81,bird,0.78728676,other,cat,0.23747922,other,bird,0.10741045,other,monkey,0.38814563,other,all_other
deer/truck,B_shape_A_texture,truck,deer,240,344,deer,0.6935969,texture,truck,0.892758,shape,truck,0.10768416,shape,truck,0.23149134,shape,disagree_shape_vs_texture
deer/truck,B_shape_A_texture,truck,deer,17,63,deer,0.70036274,texture,horse,0.45924506,other,truck,0.109171845,shape,car,0.5281094,other,disagree_shape_vs_texture
deer/truck,B_shape_A_texture,truck,deer,46,373,truck,0.38473353,shape,truck,0.9552354,shape,truck,0.12832774,shape,truck,0.9865274,shape,all_shape
deer/truck,B_shape_A_texture,truck,deer,422,32,deer,0.63645256,texture,cat,0.24677306,other,dog,0.10588156,other,horse,0.24817178,other,mixed_other
deer/truck,B_shape_A_texture,truck,deer,127,356,deer,0.5406862,texture,truck,0.9201554,shape,truck,0.11207728,shape,truck,0.40225238,shape,disagree_shape_vs_texture
deer/truck,B_shape_A_texture,truck,deer,79,405,truck,0.69938827,shape,truck,0.92034805,shape,truck,0.123348854,shape,truck,0.92006975,shape,all_shape
deer/truck,B_shape_A_texture,truck,deer,130,176,deer,0.6393805,texture,truck,0.35747603,shape,truck,0.11339019,shape,truck,0.55513996,shape,disagree_shape_vs_texture
deer/truck,B_shape_A_texture,truck,deer,119,169,cat,0.7070634,other,dog,0.43470228,other,bird,0.10490086,other,bird,0.25290522,other,all_other
deer/truck,B_shape_A_texture,truck,deer,360,162,car,0.76987803,other,car,0.9852518,other,car,0.12098451,other,car,0.73462015,other,all_other
deer/truck,B_shape_A_texture,truck,deer,109,496,truck,0.52302825,shape,truck,0.8529109,shape,truck,0.11739605,shape,truck,0.9378604,shape,all_shape
deer/truck,B_shape_A_texture,truck,deer,492,461,bird,0.6813359,other,car,0.22823797,other,truck,0.108015195,shape,car,0.48741147,other,mixed_other
deer/truck,B_shape_A_texture,truck,deer,23,206,deer,0.937338,texture,truck,0.972646,shape,truck,0.115354314,shape,truck,0.8167298,shape,disagree_shape_vs_texture
deer/truck,B_shape_A_texture,truck,deer,466,48,truck,0.7089977,shape,truck,0.7321868,shape,truck,0.13317648,shape,truck,0.99408156,shape,all_shape
dog/monkey,A_shape_B_texture,dog,monkey,458,465,dog,0.83280116,shape,monkey,0.5861074,texture,dog,0.12584125,shape,dog,0.67722905,shape,disagree_shape_vs_texture
dog/monkey,A_shape_B_texture,dog,monkey,369,37,dog,0.39320907,shape,dog,0.37530354,shape,dog,0.13103966,shape,dog,0.8236487,shape,all_shape
dog/monkey,A_shape_B_texture,dog,monkey,140,365,dog,0.44216102,shape,dog,0.24108942,shape,dog,0.12239855,shape,dog,0.5102718,shape,all_shape
dog/monkey,A_shape_B_texture,dog,monkey,166,156,monkey,0.8876545,texture,dog,0.28990453,shape,dog,0.11604574,shape,dog,0.6457578,shape,disagree_shape_vs_texture
dog/monkey,A_shape_B_texture,dog,monkey,205,120,bird,0.98750675,other,bird,0.7175901,other,bird,0.11254801,other,bird,0.6123196,other,all_other
dog/monkey,A_shape_B_texture,dog,monkey,69,452,dog,0.83624554,shape,dog,0.88813996,shape,monkey,0.12038821,texture,monkey,0.8442874,texture,disagree_shape_vs_texture
dog/monkey,A_shape_B_texture,dog,monkey,194,278,dog,0.5574482,shape,dog,0.9574844,shape,dog,0.12584464,shape,dog,0.7000369,shape,all_shape
dog/monkey,A_shape_B_texture,dog,monkey,1,2,deer,0.6221015,other,cat,0.4489088,other,dog,0.11350118,shape,deer,0.32490647,other,mixed_other
dog/monkey,A_shape_B_texture,dog,monkey,136,334,bird,0.7126465,other,cat,0.3946626,other,dog,0.1211694,shape,dog,0.7164575,shape,mixed_other
dog/monkey,A_shape_B_texture,dog,monkey,355,211,deer,0.659517,other,deer,0.7124126,other,monkey,0.12366913,texture,bird,0.57431966,other,mixed_other
dog/monkey,A_shape_B_texture,dog,monkey,73,444,bird,0.5958022,other,monkey,0.543888,texture,deer,0.10581336,other,deer,0.30812767,other,mixed_other
dog/monkey,A_shape_B_texture,dog,monkey,294,55,dog,0.969276,shape,dog,0.92674035,shape,dog,0.13761275,shape,dog,0.94419354,shape,all_shape
dog/monkey,A_shape_B_texture,dog,monkey,397,488,dog,0.7882706,shape,bird,0.24976172,other,deer,0.115189016,other,bird,0.38627666,other,mixed_other
dog/monkey,A_shape_B_texture,dog,monkey,33,287,dog,0.98010993,shape,bird,0.4926955,other,dog,0.14117236,shape,dog,0.978629,shape,mixed_other
dog/monkey,A_shape_B_texture,dog,monkey,190,117,bird,0.8783228,other,monkey,0.30855745,texture,bird,0.107112676,other,bird,0.46232867,other,mixed_other
dog/monkey,A_shape_B_texture,dog,monkey,241,8,dog,0.5001586,shape,monkey,0.41939273,texture,deer,0.11912449,other,horse,0.6528488,other,disagree_shape_vs_texture
dog/monkey,A_shape_B_texture,dog,monkey,36,182,dog,0.99547005,shape,dog,0.9979594,shape,dog,0.14757402,shape,dog,0.91523206,shape,all_shape
dog/monkey,A_shape_B_texture,dog,monkey,65,72,dog,0.626542,shape,dog,0.99174577,shape,dog,0.11593218,shape,dog,0.5097975,shape,all_shape
dog/monkey,A_shape_B_texture,dog,monkey,448,66,bird,0.77540576,other,dog,0.8012001,shape,dog,0.11721018,shape,dog,0.52348864,shape,mixed_other
dog/monkey,A_shape_B_texture,dog,monkey,478,250,dog,0.74371356,shape,dog,0.9854375,shape,dog,0.13106956,shape,dog,0.4451636,shape,all_shape
dog/monkey,A_shape_B_texture,dog,monkey,174,435,dog,0.9395729,shape,dog,0.98211634,shape,dog,0.12675114,shape,dog,0.5886406,shape,all_shape
dog/monkey,A_shape_B_texture,dog,monkey,221,106,cat,0.4936956,other,deer,0.4647089,other,cat,0.11613905,other,dog,0.67462397,shape,mixed_other
dog/monkey,A_shape_B_texture,dog,monkey,118,427,dog,0.865815,shape,deer,0.5744653,other,monkey,0.12019502,texture,deer,0.5543844,other,disagree_shape_vs_texture
dog/monkey,A_shape_B_texture,dog,monkey,150,217,dog,0.58038867,shape,dog,0.9772438,shape,dog,0.13385484,shape,dog,0.9056529,shape,all_shape
dog/monkey,A_shape_B_texture,dog,monkey,86,471,dog,0.79365367,shape,dog,0.9859919,shape,monkey,0.117590815,texture,horse,0.40420976,other,disagree_shape_vs_texture
dog/monkey,B_shape_A_texture,monkey,dog,450,369,bird,0.5977396,other,monkey,0.9886234,shape,monkey,0.13740094,shape,monkey,0.9921927,shape,mixed_other
dog/monkey,B_shape_A_texture,monkey,dog,217,194,bird,0.6720636,other,monkey,0.9672765,shape,monkey,0.105376005,shape,bird,0.26280886,other,mixed_other
dog/monkey,B_shape_A_texture,monkey,dog,274,370,monkey,0.65791327,shape,monkey,0.5213802,shape,monkey,0.13663062,shape,monkey,0.99277675,shape,all_shape
dog/monkey,B_shape_A_texture,monkey,dog,168,467,monkey,0.91930795,shape,monkey,0.9991893,shape,monkey,0.11997863,shape,dog,0.42340472,texture,disagree_shape_vs_texture
dog/monkey,B_shape_A_texture,monkey,dog,334,312,monkey,0.96485484,shape,monkey,0.99756765,shape,monkey,0.115410134,shape,monkey,0.68421084,shape,all_shape
dog/monkey,B_shape_A_texture,monkey,dog,72,174,bird,0.8315457,other,monkey,0.9126796,shape,bird,0.11310421,other,bird,0.6300614,other,mixed_other
dog/monkey,B_shape_A_texture,monkey,dog,64,118,bird,0.8279298,other,monkey,0.8995204,shape,bird,0.10969005,other,monkey,0.39058155,shape,mixed_other
dog/monkey,B_shape_A_texture,monkey,dog,106,136,monkey,0.51282245,shape,dog,0.60847896,texture,dog,0.10661154,texture,horse,0.313312,other,disagree_shape_vs_texture
dog/monkey,B_shape_A_texture,monkey,dog,471,389,monkey,0.93688595,shape,monkey,0.9988212,shape,monkey,0.13262857,shape,monkey,0.99750036,shape,all_shape
dog/monkey,B_shape_A_texture,monkey,dog,420,139,ship,0.7698197,other,ship,0.38211095,other,deer,0.10363735,other,ship,0.3028279,other,all_other
dog/monkey,B_shape_A_texture,monkey,dog,349,205,cat,0.37871006,other,dog,0.3957959,texture,cat,0.12238462,other,dog,0.4830893,texture,mixed_other
dog/monkey,B_shape_A_texture,monkey,dog,37,328,monkey,0.98706067,shape,monkey,0.9950735,shape,monkey,0.14179909,shape,monkey,0.99252135,shape,all_shape
dog/monkey,B_shape_A_texture,monkey,dog,365,241,monkey,0.47560862,shape,monkey,0.9941403,shape,monkey,0.13340142,shape,monkey,0.84961474,shape,all_shape
dog/monkey,B_shape_A_texture,monkey,dog,427,150,monkey,0.4286064,shape,monkey,0.22248167,shape,monkey,0.12686267,shape,monkey,0.9023745,shape,all_shape
dog/monkey,B_shape_A_texture,monkey,dog,287,354,monkey,0.8344353,shape,monkey,0.9984237,shape,monkey,0.14088088,shape,monkey,0.9951757,shape,all_shape
dog/monkey,B_shape_A_texture,monkey,dog,39,154,monkey,0.98589766,shape,monkey,0.99848145,shape,monkey,0.13978535,shape,monkey,0.982263,shape,all_shape
dog/monkey,B_shape_A_texture,monkey,dog,237,327,cat,0.74778694,other,cat,0.5165114,other,monkey,0.12863626,shape,monkey,0.9904574,shape,mixed_other
dog/monkey,B_shape_A_texture,monkey,dog,66,12,monkey,0.985986,shape,monkey,0.99398947,shape,monkey,0.12972678,shape,monkey,0.84682655,shape,all_shape
dog/monkey,B_shape_A_texture,monkey,dog,212,304,monkey,0.4742236,shape,monkey,0.7328658,shape,monkey,0.13714692,shape,monkey,0.98027706,shape,all_shape
dog/monkey,B_shape_A_texture,monkey,dog,117,33,monkey,0.5713574,shape,monkey,0.7310808,shape,bird,0.13168295,other,bird,0.77453655,other,mixed_other
dog/monkey,B_shape_A_texture,monkey,dog,452,86,horse,0.88094467,other,airplane,0.63341844,other,dog,0.10540747,texture,horse,0.34313658,other,mixed_other
dog/monkey,B_shape_A_texture,monkey,dog,315,397,bird,0.55080694,other,monkey,0.99309087,shape,airplane,0.10625188,other,monkey,0.4545259,shape,mixed_other
dog/monkey,B_shape_A_texture,monkey,dog,8,355,truck,0.6547911,other,monkey,0.90836596,shape,truck,0.10266844,other,car,0.34698516,other,mixed_other
dog/monkey,B_shape_A_texture,monkey,dog,211,44,monkey,0.9202914,shape,monkey,0.9997793,shape,monkey,0.15152387,shape,monkey,0.9986733,shape,all_shape
dog/monkey,B_shape_A_texture,monkey,dog,394,166,bird,0.96045434,other,monkey,0.25361806,shape,bird,0.10319425,other,car,0.18871,other,mixed_other
