x,y,class,condition
-16.42227,24.824524,airplane,clean
23.01636,-5.21111,dog,clean
26.381666,23.632393,monkey,clean
3.7865293,39.95576,bird,clean
-42.0926,-9.694584,truck,clean
-51.999264,11.665401,ship,clean
44.021168,-38.094555,deer,clean
46.769775,-19.224249,cat,clean
23.920422,19.128206,monkey,clean
-6.676031,56.64152,bird,clean
-19.493902,-37.941257,car,clean
-4.825697,55.782227,bird,clean
23.108536,-0.4980413,dog,clean
5.2754607,48.1461,bird,clean
56.23735,-10.135994,cat,clean
-33.118294,10.901231,airplane,clean
11.828154,49.70654,bird,clean
-46.456947,-32.587753,truck,clean
-47.697952,15.393832,ship,clean
5.016991,-34.940422,horse,clean
5.949783,33.30164,bird,clean
12.908006,-34.839233,horse,clean
-23.80305,17.979254,airplane,clean
-53.64064,-14.836995,truck,clean
38.297077,29.276155,monkey,clean
-48.625538,26.716932,ship,clean
-52.69613,8.255155,ship,clean
39.046448,-32.92412,deer,clean
33.170677,-30.115677,deer,clean
-44.32442,11.449114,ship,clean
28.769705,-4.526601,dog,clean
-61.601677,9.099146,ship,clean
36.588497,-32.303833,deer,clean
19.454365,-10.903547,dog,clean
-52.4777,-13.353197,truck,clean
-55.545353,11.431185,ship,clean
30.316334,-9.905497,dog,clean
38.87607,33.944767,monkey,clean
50.53659,7.958491,cat,clean
36.3395,22.88049,monkey,clean
-43.937317,-32.06535,truck,clean
-20.40816,30.802437,airplane,clean
10.345808,42.69893,bird,clean
6.991882,-24.164719,horse,clean
23.653397,-10.98442,dog,clean
-23.454832,29.595121,airplane,clean
-45.79074,-8.839026,truck,clean
6.3399997,-32.273296,horse,clean
40.65228,-23.122147,deer,clean
-20.222103,-24.904242,car,clean
-42.786682,13.641677,airplane,clean
28.557388,20.164026,monkey,clean
-3.5569267,45.270443,bird,clean
-29.12172,-32.162014,car,clean
-25.661644,30.718948,airplane,clean
32.52872,26.887321,monkey,clean
-21.983072,-32.6243,car,clean
29.761074,33.062057,monkey,clean
-1.003297,54.533165,bird,clean
-18.279352,-34.757534,car,clean
-41.98719,-33.17673,car,clean
57.26856,8.686754,cat,clean
34.631687,-38.333374,deer,clean
35.378872,-32.425148,deer,clean
23.925943,24.171774,monkey,clean
14.4096775,-6.243071,dog,clean
36.839657,21.54811,monkey,clean
15.273185,46.28743,bird,clean
-5.4319353,48.2493,bird,clean
10.803057,13.8738575,dog,clean
-22.88186,-35.367294,car,clean
31.682032,-1.7133315,cat,clean
30.86519,30.684038,monkey,clean
35.71269,4.8174834,dog,clean
60.908386,0.29912233,cat,clean
-46.55555,-7.836762,truck,clean
-23.25337,-25.15519,car,clean
28.112047,21.327074,monkey,clean
44.460617,6.2794724,cat,clean
-46.519226,-18.90284,truck,clean
55.532112,-17.78625,cat,clean
33.421154,-39.461216,deer,clean
32.958206,-38.028526,deer,clean
-45.362553,19.017868,ship,clean
51.564823,-11.051241,cat,clean
1.835145,42.477295,bird,clean
18.873026,-16.98835,dog,clean
8.90748,55.690742,bird,clean
-24.835293,24.87264,airplane,clean
-28.672003,32.812244,airplane,clean
32.276424,35.381134,monkey,clean
-34.29576,12.958308,airplane,clean
25.24933,43.69223,monkey,clean
1.395141,44.88906,bird,clean
2.9698734,44.841377,bird,clean
51.582813,6.5936403,cat,clean
53.381924,-5.562162,cat,clean
-19.387814,-26.232586,car,clean
-24.04754,-23.127419,car,clean
-50.165604,8.823747,ship,clean
41.56863,-16.226505,cat,clean
-18.81259,32.373737,airplane,clean
33.90859,-23.298082,deer,clean
-36.881573,-30.38894,car,clean
-52.979694,5.7541294,ship,clean
55.717506,-18.315395,cat,clean
29.748505,10.4492445,monkey,clean
5.0866637,-33.044468,horse,clean
7.312257,39.94362,bird,clean
-43.150116,-21.882793,truck,clean
41.090645,-33.316505,deer,clean
-53.59482,-12.721966,truck,clean
17.634914,-35.89977,horse,clean
36.77887,-28.72094,deer,clean
28.632208,-25.822685,horse,clean
-53.191574,9.391265,ship,clean
0.92111105,58.217842,bird,clean
26.018826,44.42674,monkey,clean
32.07262,-10.723965,dog,clean
-56.617985,-12.350705,truck,clean
32.24839,32.184273,monkey,clean
55.975494,1.1294433,bird,clean
-0.5733369,43.854122,bird,clean
13.858989,-32.862267,horse,clean
38.532475,-26.132986,deer,clean
33.14082,-12.072902,dog,clean
-32.224316,11.977947,airplane,clean
-39.550262,-19.624805,truck,clean
-55.717293,10.035061,ship,clean
26.569508,-34.0132,deer,clean
-48.37678,-30.023329,truck,clean
48.47323,5.337018,cat,clean
32.80481,0.41880578,cat,clean
31.33711,-38.70472,deer,clean
-24.481472,-24.007395,car,clean
52.72483,-15.70844,cat,clean
11.368392,12.334949,dog,clean
44.077095,-31.337053,deer,clean
46.114883,-27.3866,deer,clean
2.5475996,1.9119241,dog,clean
26.147913,-3.8947546,dog,clean
41.36369,31.279781,monkey,clean
-30.966463,-18.956093,car,clean
-25.509855,-38.130066,car,clean
-26.978088,-27.55781,car,clean
55.569893,-6.1450253,cat,clean
-39.07105,11.670022,airplane,clean
-5.407426,56.176933,bird,clean
42.152718,-24.873016,deer,clean
-52.812344,25.555254,ship,clean
35.38261,-7.1517863,dog,clean
-41.62845,17.989363,ship,clean
8.588439,56.201824,bird,clean
-24.930151,-36.063152,car,clean
11.327931,11.465034,dog,clean
54.021065,7.8195057,cat,clean
26.559885,42.920967,monkey,clean
-60.050056,10.197986,ship,clean
-49.19575,-26.84811,truck,clean
3.9380982,-32.379272,horse,clean
-39.108166,-5.7766614,truck,clean
39.912704,27.800892,monkey,clean
32.422665,-32.416374,deer,clean
18.75099,-7.620227,dog,clean
-32.190517,-35.29822,car,clean
-55.44558,-12.435126,truck,clean
10.025644,12.668695,dog,clean
-40.84023,14.755553,airplane,clean
35.93749,21.40174,monkey,clean
47.277733,-30.753042,deer,clean
2.3746514,47.333416,bird,clean
-2.3895507,50.959824,bird,clean
1.7433525,53.548233,bird,clean
18.879244,-39.18542,horse,clean
16.479004,-15.985631,dog,clean
43.11437,-29.124102,deer,clean
33.557568,-38.67752,deer,clean
-54.049664,-11.587819,truck,clean
-54.899155,10.01617,ship,clean
25.078587,-39.766693,horse,clean
55.11793,-17.390663,cat,clean
-18.308586,22.220032,airplane,clean
39.860397,27.255861,monkey,clean
-24.555258,32.148376,airplane,clean
49.930244,-5.645439,cat,clean
-22.809353,31.122118,airplane,clean
32.3515,-38.117805,deer,clean
-24.28742,-30.262854,car,clean
-45.939144,-7.9604545,truck,clean
-51.000565,4.4855475,ship,clean
12.197507,14.120181,dog,clean
-61.614925,9.965588,ship,clean
-0.11862218,-24.554825,horse,clean
44.07928,3.965999,cat,clean
37.040382,5.402738,dog,clean
-41.86765,10.5887,ship,clean
1.1409504,-26.255241,horse,clean
-35.244137,-18.39302,deer,clean
31.497932,-11.326583,dog,clean
-23.890732,15.587809,airplane,clean
53.097355,6.8410378,cat,clean
-17.48603,30.650541,airplane,clean
-52.589672,13.541775,ship,clean
13.230072,-39.108803,horse,clean
-18.171041,-32.205868,car,clean
31.166168,-13.363452,dog,clean
32.383583,-39.509357,deer,clean
-50.929493,9.852584,ship,clean
-27.053165,26.981064,airplane,clean
7.788399,-25.10754,horse,clean
-28.265244,-22.143368,car,clean
28.887716,20.776438,monkey,clean
18.82233,21.40163,monkey,clean
-20.378607,-28.080423,car,clean
14.0676365,-27.258179,horse,clean
34.33166,-29.495012,deer,clean
-22.354961,-27.82803,car,clean
29.69146,34.431442,monkey,clean
-57.51625,-16.41719,truck,clean
6.092235,-25.385286,horse,clean
-54.643948,-15.899791,truck,clean
29.311054,-11.748869,dog,clean
4.6601286,-26.87115,horse,clean
14.897541,2.3743021,dog,clean
-60.612587,9.767756,ship,clean
3.0162792,23.7963,bird,clean
-44.418407,9.108203,ship,clean
-29.274187,-35.10981,car,clean
-35.109024,8.033913,airplane,clean
-30.476429,12.769,airplane,clean
14.279204,-37.55089,horse,clean
-42.865257,-13.905204,truck,clean
-41.584698,19.301243,ship,clean
-54.981567,-17.249493,truck,clean
-0.7053762,50.7016,bird,clean
61.104485,-0.92788434,cat,clean
52.79235,8.611669,cat,clean
32.696407,32.370853,monkey,clean
-46.04126,7.892901,ship,clean
-56.2446,5.600147,ship,clean
-55.10875,-13.576515,truck,clean
26.18546,-12.44804,dog,clean
-18.330082,28.876314,airplane,clean
55.10332,9.293458,cat,clean
56.23442,-17.613382,cat,clean
-36.857452,-1.5368662,airplane,clean
-27.647028,-40.691105,car,clean
-29.504082,-1.2415818,bird,clean
7.690756,55.329044,bird,clean
1.0854236,54.526676,bird,clean
31.445873,31.674673,monkey,clean
5.611232,33.760235,bird,clean
27.786968,43.905632,monkey,clean
19.107376,-31.54329,horse,clean
11.4840975,-28.782112,horse,clean
7.7395263,-27.171638,horse,clean
37.795284,5.3066587,dog,clean
8.597077,-34.615017,horse,clean
-21.010805,-22.637814,car,clean
27.640272,-38.467052,horse,clean
-30.50301,11.566413,airplane,clean
29.302086,-33.8197,horse,clean
-52.793846,16.092766,ship,clean
-28.875364,12.057548,airplane,clean
-26.213705,32.038586,airplane,clean
-58.168762,10.541718,ship,clean
31.765749,-37.061096,deer,clean
32.08918,-9.641688,dog,clean
-43.81038,-28.172901,truck,clean
40.27468,-27.579262,deer,clean
62.986362,-0.13078748,cat,clean
53.400948,5.610066,cat,clean
-22.524214,-29.275135,car,clean
-59.804794,9.277949,ship,clean
28.982355,23.15556,monkey,clean
0.84689486,-31.318663,horse,clean
10.641784,-38.438934,horse,clean
-33.0908,-31.214594,car,clean
30.080845,31.719048,monkey,clean
6.7686734,54.03109,bird,clean
-41.15606,-17.504019,truck,clean
6.0266595,-29.190392,horse,clean
-28.974028,28.271486,airplane,clean
-44.986607,-27.053768,truck,clean
54.973866,5.9557385,cat,clean
-18.371244,26.767832,airplane,clean
-51.052876,27.53108,ship,clean
31.026014,32.417248,monkey,clean
3.878254,46.138542,bird,clean
-48.47162,3.6054232,ship,clean
-25.246588,-26.11856,car,clean
19.71049,-19.986885,deer,clean
-20.771729,-26.202631,car,clean
-35.70266,12.144635,airplane,clean
21.639229,4.2776213,dog,clean
-0.24943091,-26.283943,horse,clean
-56.152203,-15.834672,truck,clean
-30.952745,25.672972,airplane,clean
40.0228,-35.70099,deer,clean
-26.563301,-35.58573,car,clean
59.037308,4.3704896,cat,clean
-36.820698,-11.893736,truck,clean
12.246443,-36.793232,horse,clean
21.870834,-27.676226,horse,clean
28.874258,0.98057574,dog,clean
40.673405,4.841817,cat,clean
-17.783524,-28.62707,car,clean
-36.026505,-35.313255,car,clean
-21.277143,-28.394686,car,clean
51.73061,-18.880863,cat,clean
14.971286,1.6126801,dog,clean
-51.872723,24.995382,ship,clean
19.562777,-2.6347558,dog,clean
52.075092,2.109605,cat,clean
-46.522102,-26.772745,truck,clean
25.873457,43.367805,monkey,clean
31.214355,-22.057854,deer,clean
-29.01381,15.942345,airplane,clean
-34.6198,-32.968185,car,clean
-45.52172,-6.1747274,truck,clean
-23.477262,-23.203312,car,clean
-38.088264,9.751593,ship,clean
22.960657,-19.887842,dog,clean
-55.076096,13.084727,ship,clean
15.292884,-34.829784,horse,clean
12.654679,-38.14024,horse,clean
40.809555,-25.96632,deer,clean
37.512634,-8.300555,dog,clean
14.125639,1.8354328,dog,clean
-0.8274627,-24.222881,horse,clean
-27.182175,-34.66112,car,clean
50.31597,3.5470128,cat,clean
-15.829965,-36.80879,car,clean
11.174682,47.967766,bird,clean
24.66122,39.372604,monkey,clean
3.6022103,-29.36461,horse,clean
46.312794,-23.073532,deer,clean
-26.34108,-33.348045,car,clean
7.3689823,56.0861,bird,clean
13.219144,-38.30338,horse,clean
60.217815,-2.1684923,cat,clean
-49.798573,10.560923,ship,clean
1.1982527,48.3553,bird,clean
-50.943436,24.35989,ship,clean
37.841606,-36.60872,deer,clean
44.59987,-24.596682,deer,clean
4.5652575,50.247444,bird,clean
-25.016119,-31.56406,car,clean
-22.772886,16.531345,airplane,clean
35.82531,21.939556,monkey,clean
38.697254,-38.868717,deer,clean
-49.77002,22.454529,ship,clean
0.46297747,-29.090393,horse,clean
-1.3592398,-25.350027,horse,clean
23.496544,4.056695,dog,clean
17.060822,-17.894917,dog,clean
33.767986,-36.913845,deer,clean
-16.560009,-33.809307,car,clean
35.420074,-34.724483,deer,clean
-7.2663608,42.466763,bird,clean
-47.13602,-9.9514265,truck,clean
-56.59775,-14.479532,truck,clean
-25.18746,28.743607,airplane,clean
-27.80599,-32.770985,car,clean
23.569786,44.199024,monkey,clean
37.245785,21.730782,monkey,clean
62.444885,-1.1545854,cat,clean
-29.53716,-37.44225,car,clean
57.50343,-6.961145,cat,clean
9.814847,-1.2792783,dog,clean
14.383952,-7.1318293,dog,clean
-29.36704,30.68996,airplane,clean
60.45323,-3.3712914,cat,clean
35.210873,-27.424099,deer,clean
3.615896,52.479557,bird,clean
-26.805798,-19.380539,car,clean
56.735752,-12.550967,cat,clean
-55.331264,-14.789502,truck,clean
-22.731592,22.110645,airplane,clean
-50.447067,26.73917,ship,clean
0.10756444,46.724674,bird,clean
12.259006,-38.987686,horse,clean
-39.34376,7.1735916,ship,clean
-16.698093,22.88143,airplane,clean
-22.44817,32.269787,airplane,clean
7.185252,50.59787,bird,clean
4.6225667,58.81302,bird,clean
-40.638855,12.991529,airplane,clean
16.49003,-27.926805,horse,clean
13.980754,2.8693893,dog,clean
42.15447,-33.333294,deer,clean
-24.733633,-33.990437,car,clean
-19.765472,-35.26075,car,clean
-20.317102,28.520132,airplane,clean
27.51867,42.827747,monkey,clean
-58.77744,9.35129,ship,clean
-45.896606,-29.527403,truck,clean
10.499317,-14.396083,dog,clean
62.29917,-3.948581,cat,clean
-24.037178,30.964773,airplane,clean
29.523788,20.677252,monkey,clean
-51.881435,-16.41388,truck,clean
4.74103,44.415173,bird,clean
-38.829613,15.57487,airplane,clean
30.906101,-42.24661,deer,clean
41.551132,-32.01138,deer,clean
6.6020365,33.146282,bird,clean
25.930525,-26.880384,horse,clean
31.64833,32.643383,monkey,clean
-45.096405,-24.837086,truck,clean
-47.297493,-29.450605,truck,clean
-35.026283,14.380287,ship,clean
-36.62183,-27.156008,car,clean
49.145412,2.4370189,cat,clean
-46.895714,-30.55385,truck,clean
42.25284,-30.493687,deer,clean
32.07271,-35.689075,deer,clean
-18.210234,24.659184,airplane,clean
-51.6675,-12.414122,truck,clean
-22.802084,27.252323,airplane,clean
23.577549,36.849915,monkey,clean
56.378704,-5.3648376,cat,clean
-31.586697,-12.240921,truck,clean
36.265057,-29.762949,deer,clean
-6.8409095,57.284683,bird,clean
-47.908287,14.424135,ship,clean
26.239773,-17.147623,horse,clean
28.220373,28.226845,monkey,clean
11.173433,-37.30036,horse,clean
-43.289906,5.875235,truck,clean
-0.58930165,-20.680374,horse,clean
55.735893,-16.673939,cat,clean
-52.68867,26.823133,ship,clean
-50.72296,25.971806,ship,clean
-1.6610817,48.494377,bird,clean
26.664959,43.687733,monkey,clean
-52.818775,-11.661462,truck,clean
55.62815,-7.687716,cat,clean
14.055454,-6.950449,dog,clean
29.177662,-1.0979458,dog,clean
51.312218,-3.787433,cat,clean
45.68833,-14.967745,cat,clean
-48.28553,-31.39099,truck,clean
3.4378057,24.084782,bird,clean
36.66167,21.414473,monkey,clean
49.401737,-17.016886,cat,clean
-5.8518434,-23.59576,car,clean
7.594107,45.880367,bird,clean
12.08782,12.67231,dog,clean
29.068722,-10.244883,dog,clean
25.011456,30.119957,monkey,clean
-0.43038487,38.770237,bird,clean
40.969936,32.329712,monkey,clean
55.980614,-6.7888904,cat,clean
-15.907831,27.73258,airplane,clean
7.764939,-29.734842,horse,clean
-56.87575,11.117938,ship,clean
60.756264,-2.6556828,cat,clean
25.114393,3.5103064,dog,clean
-7.26985,-17.315947,airplane,clean
-15.0594845,22.240166,airplane,clean
42.058193,-27.31276,deer,clean
-26.013615,23.67679,airplane,clean
-19.391054,-30.537378,car,clean
17.94392,-25.101908,horse,clean
32.22214,31.068874,monkey,clean
-49.775345,-18.952524,truck,clean
23.78275,5.438459,dog,clean
-43.72,17.214828,ship,clean
32.889156,29.375267,monkey,clean
-57.79838,-9.555624,truck,clean
26.79971,44.171978,monkey,clean
-45.866222,-28.374134,truck,clean
11.817147,-38.230415,horse,clean
-20.318035,24.79038,airplane,clean
-46.6156,13.289369,ship,clean
-3.860236,-27.94872,horse,clean
26.842478,-8.751859,dog,clean
37.86973,4.30735,dog,clean
2.07363,49.987732,bird,clean
38.099785,-24.208368,deer,clean
36.47635,-25.521938,deer,clean
-26.724548,31.189789,airplane,clean
28.226423,39.659588,monkey,clean
54.29595,-7.035498,cat,clean
-54.258232,-13.966344,truck,clean
15.026366,-39.277393,horse,clean
32.73643,-25.562479,deer,clean
36.887608,22.3022,monkey,clean
-55.080563,-8.332957,truck,clean
-61.258465,10.974963,ship,clean
-46.991062,-28.232948,truck,clean
-48.865055,-28.668095,truck,clean
17.923529,35.98053,bird,clean
-47.76471,8.975327,ship,clean
-21.500635,-25.559746,car,clean
34.00379,-37.31939,deer,clean
-51.05318,6.773475,ship,clean
-30.787083,-33.133614,car,clean
-4.12755,-22.87376,horse,clean
-20.70652,28.199179,airplane,grayscale
22.91516,-5.0805836,dog,grayscale
27.522215,23.457369,monkey,grayscale
3.8032749,40.306625,bird,grayscale
-42.194363,-9.637011,truck,grayscale
-52.061543,12.260616,ship,grayscale
43.998253,-38.004543,deer,grayscale
47.050777,-19.988115,cat,grayscale
23.503569,19.59963,monkey,grayscale
-5.8982296,56.96092,bird,grayscale
-19.516155,-37.909172,car,grayscale
-4.422696,55.808186,bird,grayscale
22.999249,-0.2997264,dog,grayscale
5.21144,48.30902,bird,grayscale
56.198776,-10.022129,cat,grayscale
-32.750954,10.674275,airplane,grayscale
3.5494144,48.406704,bird,grayscale
-46.2421,-33.15281,truck,grayscale
-47.907,15.316873,ship,grayscale
5.38472,-34.934963,horse,grayscale
6.094859,33.593334,bird,grayscale
11.841559,-33.477364,horse,grayscale
-23.516556,18.134466,airplane,grayscale
-53.398857,-15.184044,truck,grayscale
38.072124,29.437277,monkey,grayscale
-48.704178,26.414204,ship,grayscale
-52.487873,8.54375,ship,grayscale
39.101303,-32.795166,deer,grayscale
32.17913,-29.874392,deer,grayscale
-44.82252,11.943221,ship,grayscale
28.793985,-4.2894874,dog,grayscale
-62.013058,9.147814,ship,grayscale
36.93265,-31.80432,deer,grayscale
19.53414,-10.834382,dog,grayscale
-52.175117,-13.514005,truck,grayscale
-57.609337,12.800669,ship,grayscale
30.423466,-9.419122,dog,grayscale
38.917202,33.900036,monkey,grayscale
50.75088,8.255455,cat,grayscale
32.667336,24.173588,monkey,grayscale
-43.58911,-32.346165,truck,grayscale
-20.663134,30.752075,airplane,grayscale
10.202279,42.689964,bird,grayscale
7.3674717,-24.279459,horse,grayscale
23.84854,-10.763191,dog,grayscale
-23.330704,29.437374,airplane,grayscale
-53.210762,-16.212555,truck,grayscale
6.5480833,-32.347603,horse,grayscale
40.55195,-23.606274,deer,grayscale
-20.13084,-24.824257,car,grayscale
-45.630985,13.870184,airplane,grayscale
28.098328,20.169868,monkey,grayscale
-3.104143,44.98833,bird,grayscale
-28.735506,-32.916862,car,grayscale
-25.510878,30.585726,airplane,grayscale
32.213028,26.714495,monkey,grayscale
-21.949497,-32.70168,car,grayscale
28.90934,33.060513,monkey,grayscale
-0.71748984,53.49758,bird,grayscale
-18.247297,-34.71914,car,grayscale
-42.436245,-32.966774,car,grayscale
57.74364,8.888257,cat,grayscale
31.003754,-30.095364,deer,grayscale
34.675713,-31.989958,deer,grayscale
24.069696,24.212477,monkey,grayscale
14.678408,-6.1623716,dog,grayscale
34.686604,22.960096,monkey,grayscale
1.5324949,46.88251,bird,grayscale
-5.5437884,47.831608,bird,grayscale
11.028313,13.43437,dog,grayscale
-23.531723,-34.875435,car,grayscale
32.106964,-1.601785,cat,grayscale
29.966963,28.758932,monkey,grayscale
34.99386,4.6684394,dog,grayscale
61.089867,0.15886074,cat,grayscale
-47.14972,-8.2824955,truck,grayscale
-23.18301,-25.900618,car,grayscale
28.355923,21.960772,monkey,grayscale
44.462494,6.236252,cat,grayscale
-46.64211,-19.094425,truck,grayscale
55.034203,-18.008419,cat,grayscale
29.410923,-29.643206,deer,grayscale
30.85193,-29.9571,deer,grayscale
-45.205276,18.927944,ship,grayscale
51.05352,-11.483953,cat,grayscale
1.9984641,42.74197,bird,grayscale
18.921173,-17.604206,dog,grayscale
3.87442,41.101067,bird,grayscale
-24.351618,24.8802,airplane,grayscale
-29.423216,32.93929,airplane,grayscale
32.496902,36.014317,monkey,grayscale
-33.38913,12.442561,airplane,grayscale
25.177385,44.058537,monkey,grayscale
1.279802,44.920403,bird,grayscale
2.984213,44.815895,bird,grayscale
52.204678,6.5918865,cat,grayscale
52.645576,-5.0978837,cat,grayscale
-23.845985,-35.10142,car,grayscale
-23.39477,-22.46072,car,grayscale
-48.70307,13.616903,ship,grayscale
41.486004,-15.932086,cat,grayscale
-19.130672,32.18715,airplane,grayscale
31.802622,-23.288486,deer,grayscale
-37.001293,-30.408737,car,grayscale
-52.964436,5.764058,ship,grayscale
55.20784,-18.387564,cat,grayscale
29.753479,10.414674,monkey,grayscale
5.5675416,-32.963047,horse,grayscale
6.971004,39.642727,bird,grayscale
-43.601772,-21.686441,truck,grayscale
39.659283,-30.027256,deer,grayscale
-53.735554,-12.869224,truck,grayscale
27.007532,-31.438843,horse,grayscale
37.652256,-29.136019,deer,grayscale
28.176918,-25.862318,horse,grayscale
-53.039974,9.704008,ship,grayscale
0.9961474,58.118015,bird,grayscale
25.972399,44.75941,monkey,grayscale
32.428223,-10.951631,dog,grayscale
-56.817757,-12.137783,truck,grayscale
33.262913,31.75172,monkey,grayscale
56.1557,0.85823536,bird,grayscale
-0.5711768,44.244102,bird,grayscale
13.680811,-32.91598,horse,grayscale
38.70139,-25.814323,deer,grayscale
33.329,-12.212807,dog,grayscale
-32.412846,12.009537,airplane,grayscale
-39.727093,-20.008871,truck,grayscale
-54.0876,11.182617,ship,grayscale
26.238798,-33.82185,deer,grayscale
-48.688595,-29.361214,truck,grayscale
48.481846,5.2616377,cat,grayscale
33.06699,-0.27776107,cat,grayscale
29.482248,-31.224874,deer,grayscale
-24.639465,-24.14519,car,grayscale
52.85416,-15.496688,cat,grayscale
11.613956,13.048875,dog,grayscale
44.057617,-29.619705,deer,grayscale
45.37593,-27.739016,deer,grayscale
2.1703134,1.8857474,dog,grayscale
26.479729,-3.5980005,dog,grayscale
41.268684,31.308056,monkey,grayscale
-30.996613,-19.071379,car,grayscale
-25.556181,-38.06234,car,grayscale
-26.746952,-27.714073,car,grayscale
55.952827,-6.0658264,cat,grayscale
-38.30666,11.752032,airplane,grayscale
-5.4108753,56.545994,bird,grayscale
41.05788,-29.051598,deer,grayscale
-53.10193,25.988894,ship,grayscale
35.105362,-6.9428024,dog,grayscale
-42.63534,18.589418,ship,grayscale
3.5299656,51.270603,bird,grayscale
-24.8653,-35.937634,car,grayscale
11.293699,11.382901,dog,grayscale
53.65581,7.4374137,cat,grayscale
26.797888,42.141636,monkey,grayscale
-59.75415,11.027136,ship,grayscale
-48.571594,-26.67533,truck,grayscale
3.9347985,-32.013298,horse,grayscale
-39.213577,-5.948425,truck,grayscale
39.604412,27.700237,monkey,grayscale
32.185272,-31.473463,deer,grayscale
18.78356,-7.6084743,dog,grayscale
-32.126328,-35.5033,car,grayscale
-55.27898,-12.584733,truck,grayscale
10.246132,12.806988,dog,grayscale
-40.775562,14.158766,airplane,grayscale
34.076782,22.939503,monkey,grayscale
47.036568,-30.30938,deer,grayscale
2.3693542,47.399532,bird,grayscale
-2.9314377,50.80491,bird,grayscale
1.7570838,53.089104,bird,grayscale
18.991026,-39.206703,horse,grayscale
16.886198,-15.82187,dog,grayscale
43.16151,-29.044415,deer,grayscale
30.65367,-31.001537,deer,grayscale
-53.87286,-11.792338,truck,grayscale
-53.576164,11.579043,ship,grayscale
24.667965,-39.470985,horse,grayscale
54.810856,-17.332973,cat,grayscale
-18.9601,22.297516,airplane,grayscale
38.993565,26.956163,monkey,grayscale
-23.738443,32.065243,airplane,grayscale
50.083115,-5.599897,cat,grayscale
-22.842903,31.210815,airplane,grayscale
30.52193,-32.077103,deer,grayscale
-24.018967,-30.652803,car,grayscale
-46.658325,-8.730485,truck,grayscale
-48.71511,12.554436,ship,grayscale
12.376004,14.113972,dog,grayscale
-62.16211,10.387206,ship,grayscale
-0.1934853,-24.321321,horse,grayscale
44.260994,4.2360687,cat,grayscale
37.033775,5.1471653,dog,grayscale
-40.150845,4.591865,ship,grayscale
1.0114291,-26.11747,horse,grayscale
-35.37224,-18.415155,deer,grayscale
32.007442,-11.558445,dog,grayscale
-22.106756,18.298267,airplane,grayscale
53.135586,6.638084,cat,grayscale
-17.936234,30.697857,airplane,grayscale
-51.55388,13.859684,ship,grayscale
13.775677,-39.58118,horse,grayscale
-18.422565,-31.952246,car,grayscale
31.45481,-14.604188,dog,grayscale
31.247787,-39.99908,deer,grayscale
-49.595913,13.240872,ship,grayscale
-22.919054,28.21138,airplane,grayscale
7.9317036,-25.043598,horse,grayscale
-28.164124,-22.217466,car,grayscale
29.142704,21.77381,monkey,grayscale
18.915361,21.194935,monkey,grayscale
-19.991123,-28.34899,car,grayscale
13.974457,-27.181074,horse,grayscale
32.020214,-29.520195,deer,grayscale
-22.35336,-27.454008,car,grayscale
28.830246,35.64975,monkey,grayscale
-57.637,-16.53862,truck,grayscale
6.2454443,-25.62251,horse,grayscale
-54.157776,-15.9600315,truck,grayscale
28.87753,-12.20348,dog,grayscale
4.595277,-27.181038,horse,grayscale
15.180557,2.7782333,dog,grayscale
-60.50305,10.954746,ship,grayscale
2.8800828,23.8545,bird,grayscale
-50.342922,13.736712,ship,grayscale
-29.038546,-35.388237,car,grayscale
-35.248108,7.8509073,airplane,grayscale
-30.31553,13.259047,airplane,grayscale
28.027687,-29.655401,horse,grayscale
-42.775917,-13.880982,truck,grayscale
-42.295647,19.069578,ship,grayscale
-54.41252,-17.574919,truck,grayscale
0.25367567,50.539783,bird,grayscale
60.73136,-0.46589434,cat,grayscale
52.94247,8.446173,cat,grayscale
33.834858,31.378363,monkey,grayscale
-49.52285,15.863636,ship,grayscale
-55.876907,5.19164,ship,grayscale
-54.874134,-13.321078,truck,grayscale
25.971586,-12.708083,dog,grayscale
-18.353773,28.949442,airplane,grayscale
55.382988,9.512208,cat,grayscale
54.451523,-18.534859,cat,grayscale
-36.918335,-1.3380393,airplane,grayscale
-27.8039,-40.79827,car,grayscale
-1.0237861,45.56516,bird,grayscale
1.5467436,51.311047,bird,grayscale
2.935943,55.284626,bird,grayscale
30.378492,26.997763,monkey,grayscale
5.5803356,34.23227,bird,grayscale
28.057905,43.381065,monkey,grayscale
18.820324,-31.20534,horse,grayscale
11.482447,-28.779873,horse,grayscale
7.915062,-27.217857,horse,grayscale
37.749935,5.160764,dog,grayscale
8.903223,-33.653214,horse,grayscale
-20.89264,-22.711899,car,grayscale
27.306252,-37.879734,horse,grayscale
-31.254606,11.666132,airplane,grayscale
28.726315,-32.12707,horse,grayscale
-52.448368,15.839312,ship,grayscale
-29.309296,12.620723,airplane,grayscale
-25.52187,31.604258,airplane,grayscale
-58.588337,11.728953,ship,grayscale
29.143843,-29.762096,deer,grayscale
32.99343,-9.080647,dog,grayscale
-43.20032,-27.040348,truck,grayscale
40.16135,-28.68345,deer,grayscale
62.671165,-0.22381036,cat,grayscale
53.391304,5.771993,cat,grayscale
-21.894405,-29.881052,car,grayscale
-40.097958,3.9563346,ship,grayscale
28.767044,24.161835,monkey,grayscale
1.3648823,-31.228575,horse,grayscale
10.690676,-31.47517,horse,grayscale
-32.854458,-31.719227,car,grayscale
28.432693,30.328316,monkey,grayscale
1.992452,51.389465,bird,grayscale
-40.964314,-18.005894,truck,grayscale
5.3897223,-28.655506,horse,grayscale
-28.922874,28.092163,airplane,grayscale
-44.52892,-26.572859,truck,grayscale
54.542717,5.7966614,cat,grayscale
-21.782686,27.84793,airplane,grayscale
-51.249756,28.068916,ship,grayscale
27.37858,30.940472,monkey,grayscale
3.4163833,47.571754,bird,grayscale
-48.317993,2.5632832,ship,grayscale
-25.183464,-26.18722,car,grayscale
19.524921,-19.314901,deer,grayscale
-21.132156,-27.023542,car,grayscale
-35.460285,11.855633,airplane,grayscale
21.498394,4.181662,dog,grayscale
-0.40200624,-25.921217,horse,grayscale
-56.60738,-16.004408,truck,grayscale
-31.031935,25.574196,airplane,grayscale
40.097538,-29.739399,deer,grayscale
-26.48438,-35.567276,car,grayscale
58.884853,4.666367,cat,grayscale
-37.084274,-11.893357,truck,grayscale
10.891542,-34.897865,horse,grayscale
21.885155,-27.66755,horse,grayscale
26.61297,-29.22168,dog,grayscale
41.46384,4.8891587,cat,grayscale
-17.660543,-28.597189,car,grayscale
-36.03378,-35.293816,car,grayscale
-20.21763,-30.674784,car,grayscale
53.29299,-18.320883,cat,grayscale
15.88651,2.7293336,dog,grayscale
-51.960724,25.948004,ship,grayscale
19.656279,-2.5700595,dog,grayscale
52.039474,2.2757704,cat,grayscale
-46.42253,-26.39529,truck,grayscale
25.250645,42.36087,monkey,grayscale
31.169973,-22.276741,deer,grayscale
-29.091515,15.045543,airplane,grayscale
-34.29864,-33.0311,car,grayscale
-41.92559,-25.500292,truck,grayscale
-22.852224,-22.952852,car,grayscale
-40.229576,4.843354,ship,grayscale
22.960947,-19.888187,dog,grayscale
-54.600285,12.871461,ship,grayscale
15.383789,-34.096703,horse,grayscale
9.534367,-32.593582,horse,grayscale
40.735657,-25.938524,deer,grayscale
37.719807,-8.433629,dog,grayscale
13.550115,1.8648208,dog,grayscale
-0.9408345,-23.905893,horse,grayscale
-26.995043,-34.88217,car,grayscale
50.729214,3.3558097,cat,grayscale
-15.87421,-36.787903,car,grayscale
1.3061898,45.88393,bird,grayscale
24.274837,38.88287,monkey,grayscale
3.8092644,-29.506598,horse,grayscale
46.364414,-23.081787,deer,grayscale
-26.22796,-33.8931,car,grayscale
2.4804685,51.284878,bird,grayscale
11.270546,-32.56254,horse,grayscale
58.971462,-2.2318087,cat,grayscale
-50.432762,11.90373,ship,grayscale
1.1760287,48.78778,bird,grayscale
-50.9257,24.772009,ship,grayscale
39.213177,-30.837023,deer,grayscale
44.02326,-26.091322,deer,grayscale
3.981439,50.220875,bird,grayscale
-24.82087,-31.820614,car,grayscale
-22.272789,17.31263,airplane,grayscale
33.747467,22.074453,monkey,grayscale
43.740288,-28.049389,deer,grayscale
-49.566875,22.374529,ship,grayscale
0.054266002,-28.837322,horse,grayscale
-1.4097723,-25.374918,horse,grayscale
23.54826,4.195875,dog,grayscale
17.333012,-18.291208,dog,grayscale
33.97084,-32.7949,deer,grayscale
-16.583801,-33.606243,car,grayscale
30.8245,-29.264414,deer,grayscale
-7.048938,42.6192,bird,grayscale
-47.13975,-9.763033,truck,grayscale
-56.742405,-14.629869,truck,grayscale
-24.785126,28.680939,airplane,grayscale
-27.686998,-32.978943,car,grayscale
23.369104,44.56846,monkey,grayscale
34.798016,23.337244,monkey,grayscale
62.64529,-1.5604444,cat,grayscale
-29.256649,-37.40871,car,grayscale
57.959732,-6.407261,cat,grayscale
9.955673,-0.92516077,dog,grayscale
15.025122,-7.1648946,dog,grayscale
-29.871351,30.656416,airplane,grayscale
58.88223,-3.0685856,cat,grayscale
33.22408,-28.313028,deer,grayscale
3.7914553,52.068844,bird,grayscale
-26.677324,-18.829773,car,grayscale
56.28422,-12.187653,cat,grayscale
-55.181614,-14.993839,truck,grayscale
-22.691011,22.592379,airplane,grayscale
-51.02293,26.660198,ship,grayscale
0.66330063,46.560658,bird,grayscale
9.877194,-33.341183,horse,grayscale
-39.36328,6.7528596,ship,grayscale
-21.245775,26.81442,airplane,grayscale
-22.719534,32.09242,airplane,grayscale
7.840362,50.64945,bird,grayscale
1.6352798,51.792976,bird,grayscale
-40.73273,13.227119,airplane,grayscale
17.85711,-27.92005,horse,grayscale
14.1713,3.2381153,dog,grayscale
40.285168,-30.21149,deer,grayscale
-24.311682,-34.38829,car,grayscale
-20.299833,-35.072742,car,grayscale
-20.848293,28.731771,airplane,grayscale
29.076904,42.76636,monkey,grayscale
-58.283455,13.062768,ship,grayscale
-47.995316,-27.136484,truck,grayscale
10.534603,-14.400743,dog,grayscale
62.97021,-4.1325393,cat,grayscale
-24.505133,31.35115,airplane,grayscale
29.476368,21.124136,monkey,grayscale
-52.208412,-16.472256,truck,grayscale
5.2301574,43.963318,bird,grayscale
-38.647602,15.97479,airplane,grayscale
30.82897,-42.353535,deer,grayscale
40.82841,-29.267813,deer,grayscale
6.913502,33.43417,bird,grayscale
25.811302,-27.029093,horse,grayscale
31.767502,32.901615,monkey,grayscale
-45.32185,-24.613274,truck,grayscale
-47.396156,-28.943386,truck,grayscale
-34.385178,14.934566,ship,grayscale
-36.45463,-27.216005,car,grayscale
48.94735,2.2423906,cat,grayscale
-47.108,-30.463781,truck,grayscale
42.36241,-30.160572,deer,grayscale
29.591637,-31.087858,deer,grayscale
-18.631102,25.021759,airplane,grayscale
-51.5167,-12.693901,truck,grayscale
-22.334267,27.854591,airplane,grayscale
22.833672,35.64494,monkey,grayscale
56.95189,-4.541009,cat,grayscale
-31.223196,-12.490029,truck,grayscale
36.92069,-29.969057,deer,grayscale
-6.494839,57.459827,bird,grayscale
-48.108814,14.41758,ship,grayscale
26.658323,-17.277687,horse,grayscale
28.402935,27.517092,monkey,grayscale
9.207934,-32.2882,horse,grayscale
-42.442905,5.452142,truck,grayscale
-0.88048357,-20.64294,horse,grayscale
55.417194,-16.290333,cat,grayscale
-52.754883,27.189722,ship,grayscale
-51.09758,26.25119,ship,grayscale
-0.9070177,48.45431,bird,grayscale
27.17465,43.5177,monkey,grayscale
-52.91973,-11.457609,truck,grayscale
55.510593,-8.382403,cat,grayscale
14.877228,-6.9937563,dog,grayscale
27.958347,-21.142649,dog,grayscale
51.195564,-3.7594562,cat,grayscale
45.810913,-14.946301,cat,grayscale
-48.51395,-32.089546,truck,grayscale
4.880577,24.450035,bird,grayscale
34.92009,23.87999,monkey,grayscale
49.3901,-17.245264,cat,grayscale
-5.8139606,-23.678265,car,grayscale
7.1538415,45.792362,bird,grayscale
12.297245,12.41703,dog,grayscale
25.102585,-10.353666,dog,grayscale
24.916386,30.158203,monkey,grayscale
-0.42626512,38.78994,bird,grayscale
40.37643,32.647976,monkey,grayscale
56.48352,-6.2695894,cat,grayscale
-16.10569,28.772774,airplane,grayscale
7.691769,-29.886356,horse,grayscale
-49.29828,14.490153,ship,grayscale
58.471073,-2.3708467,cat,grayscale
24.950703,3.7451093,dog,grayscale
-7.2702265,-17.316122,airplane,grayscale
-14.742051,22.217182,airplane,grayscale
42.358448,-28.48817,deer,grayscale
-26.310787,23.206326,airplane,grayscale
-19.638369,-30.921831,car,grayscale
18.098652,-24.995062,horse,grayscale
32.443665,30.620792,monkey,grayscale
-49.716805,-19.090103,truck,grayscale
23.782827,5.3706226,dog,grayscale
-44.302776,17.577976,ship,grayscale
32.909355,28.819014,monkey,grayscale
-57.49526,-9.877534,truck,grayscale
27.44034,44.636173,monkey,grayscale
-45.93083,-28.066963,truck,grayscale
10.171294,-32.48892,horse,grayscale
-21.42102,25.891125,airplane,grayscale
-46.871777,13.385066,ship,grayscale
-3.539934,-27.804274,horse,grayscale
26.46203,-8.642486,dog,grayscale
37.535976,4.181764,dog,grayscale
2.8292437,49.651558,bird,grayscale
38.3922,-24.71198,deer,grayscale
36.84765,-25.545546,deer,grayscale
-26.68153,31.025545,airplane,grayscale
28.158533,40.092983,monkey,grayscale
54.192623,-7.116332,cat,grayscale
-54.16919,-13.915746,truck,grayscale
16.163158,-39.33255,horse,grayscale
31.852154,-25.752836,deer,grayscale
34.005875,23.877539,monkey,grayscale
-55.699303,-8.585485,truck,grayscale
-61.251602,10.858708,ship,grayscale
-47.413063,-28.314201,truck,grayscale
-48.92761,-27.932478,truck,grayscale
17.645119,36.17445,bird,grayscale
-49.16519,16.708647,ship,grayscale
-21.311928,-25.420124,car,grayscale
33.636875,-33.303986,deer,grayscale
-48.7836,15.29295,ship,grayscale
-30.855978,-33.275387,car,grayscale
-4.056418,-22.93851,horse,grayscale
-9.675794,-2.592966,airplane,cue_conflict
-11.073238,-4.087925,airplane,cue_conflict
-11.269478,-6.268722,airplane,cue_conflict
-9.348059,-1.5504239,airplane,cue_conflict
-8.580505,-3.96084,airplane,cue_conflict
-31.992252,9.124825,airplane,cue_conflict
-16.473307,31.079065,airplane,cue_conflict
-9.314849,-3.5358357,airplane,cue_conflict
-9.118318,-7.091249,airplane,cue_conflict
-18.241713,-5.010575,airplane,cue_conflict
-9.669323,12.82111,airplane,cue_conflict
-11.368514,-5.489632,airplane,cue_conflict
-9.687944,-7.4922314,airplane,cue_conflict
-18.828382,-4.289153,airplane,cue_conflict
-15.363565,-7.05185,airplane,cue_conflict
-21.67665,-5.0303564,airplane,cue_conflict
-11.394694,-3.1904628,airplane,cue_conflict
-10.127711,-9.131696,airplane,cue_conflict
-22.38182,20.594965,airplane,cue_conflict
-7.107715,-6.725498,airplane,cue_conflict
-21.64854,-4.9615903,airplane,cue_conflict
-18.105122,-6.5911407,airplane,cue_conflict
-20.123514,-7.129898,airplane,cue_conflict
-10.893955,-7.3029447,airplane,cue_conflict
-10.017241,-3.1921737,airplane,cue_conflict
-0.98248905,-22.101107,horse,cue_conflict
-5.605398,8.7445755,horse,cue_conflict
-7.729727,2.7666678,horse,cue_conflict
-7.80811,-0.24119397,horse,cue_conflict
-7.7281003,7.365645,horse,cue_conflict
-8.741326,-0.5815481,horse,cue_conflict
-9.620556,6.0723996,horse,cue_conflict
-5.2514577,10.618431,horse,cue_conflict
-11.30658,8.555912,horse,cue_conflict
-9.745101,1.985853,horse,cue_conflict
-11.344636,6.706159,horse,cue_conflict
-4.401818,-3.3303766,horse,cue_conflict
12.853696,-40.372,horse,cue_conflict
-3.6115205,7.1944184,horse,cue_conflict
-5.3314676,10.568533,horse,cue_conflict
-1.1981207,-19.760252,horse,cue_conflict
-10.365676,5.763738,horse,cue_conflict
-9.149507,0.6360248,horse,cue_conflict
-7.2525744,7.882028,horse,cue_conflict
-8.6072855,0.75978786,horse,cue_conflict
-10.224177,0.074450895,horse,cue_conflict
-9.421862,7.54329,horse,cue_conflict
-8.732155,-0.9244358,horse,cue_conflict
-10.244124,7.145223,horse,cue_conflict
-9.985499,7.242528,horse,cue_conflict
-3.49086,1.4647431,bird,cue_conflict
-6.317387,2.5198781,bird,cue_conflict
-4.1613073,5.6956863,bird,cue_conflict
-1.8653101,46.981186,bird,cue_conflict
-5.611481,-0.89128333,bird,cue_conflict
-7.992847,7.32061,bird,cue_conflict
-7.132012,1.0286167,bird,cue_conflict
-4.3177876,5.399544,bird,cue_conflict
-7.559654,3.8600798,bird,cue_conflict
5.184813,35.159634,bird,cue_conflict
-6.5170126,6.898019,bird,cue_conflict
-5.460617,-0.27103373,bird,cue_conflict
-7.8513336,1.2441266,bird,cue_conflict
-9.05344,-0.012274765,bird,cue_conflict
-9.572826,12.605583,bird,cue_conflict
-4.8594885,4.2548985,bird,cue_conflict
-5.053157,2.4034126,bird,cue_conflict
-10.963338,1.8993919,bird,cue_conflict
2.723764,44.208862,bird,cue_conflict
-5.8820395,-0.79088736,bird,cue_conflict
-7.7788577,5.5822525,bird,cue_conflict
-2.0107381,47.824463,bird,cue_conflict
-5.777428,6.3052783,bird,cue_conflict
-4.440755,-1.0530037,bird,cue_conflict
0.8432792,51.777218,bird,cue_conflict
-12.090328,-10.952131,car,cue_conflict
-7.917453,1.9014795,car,cue_conflict
-16.431574,-9.376376,car,cue_conflict
-9.540104,0.11308521,car,cue_conflict
-18.678644,-12.820374,car,cue_conflict
-7.807181,-1.6839883,car,cue_conflict
-17.385687,-16.23816,car,cue_conflict
-15.964757,-13.856057,car,cue_conflict
-18.274385,-13.198218,car,cue_conflict
-17.375387,-12.753124,car,cue_conflict
-12.552503,-10.549975,car,cue_conflict
-15.614215,-10.401421,car,cue_conflict
-14.568052,-8.787357,car,cue_conflict
-16.406229,-12.584172,car,cue_conflict
-17.36217,-2.2254307,car,cue_conflict
-17.932888,-18.842003,car,cue_conflict
-16.654741,-13.2423315,car,cue_conflict
-7.2866964,-1.7677044,car,cue_conflict
-15.514637,-12.591255,car,cue_conflict
-20.126099,-14.592039,car,cue_conflict
-16.799826,-16.128578,car,cue_conflict
-17.765,-19.005365,car,cue_conflict
-18.320778,-17.393261,car,cue_conflict
-31.214895,-22.679585,car,cue_conflict
-13.548944,-1.3231107,car,cue_conflict
-8.682614,7.96486,cat,cue_conflict
-3.8249233,3.0468962,cat,cue_conflict
-12.246256,6.597816,cat,cue_conflict
-9.124979,5.870448,cat,cue_conflict
-12.33552,2.512339,cat,cue_conflict
-11.929714,5.568455,cat,cue_conflict
-10.798819,4.633694,cat,cue_conflict
-8.129825,6.3134513,cat,cue_conflict
-13.357202,4.0739584,cat,cue_conflict
49.966274,9.903062,cat,cue_conflict
-3.3429341,7.7423897,cat,cue_conflict
-12.125413,10.21921,cat,cue_conflict
-8.107728,7.4217377,cat,cue_conflict
-13.225504,7.8701053,cat,cue_conflict
-10.195889,4.2200813,cat,cue_conflict
-11.15474,5.6705923,cat,cue_conflict
-7.2009144,6.655028,cat,cue_conflict
-8.886811,8.850296,cat,cue_conflict
-8.38941,-1.1326919,cat,cue_conflict
-6.5304694,8.38141,cat,cue_conflict
-7.808476,8.573142,cat,cue_conflict
53.12282,-7.527388,cat,cue_conflict
-11.617684,4.3086963,cat,cue_conflict
-11.14641,3.3055606,cat,cue_conflict
-7.628741,8.461423,cat,cue_conflict
-19.001156,-1.893771,ship,cue_conflict
-10.052676,-5.6543727,ship,cue_conflict
-11.045984,-8.121975,ship,cue_conflict
-12.741924,-3.6562967,ship,cue_conflict
-10.739232,-10.449052,ship,cue_conflict
-46.699104,8.687914,ship,cue_conflict
-9.712224,-8.676282,ship,cue_conflict
-12.638093,-8.728659,ship,cue_conflict
-9.59104,-9.292436,ship,cue_conflict
-3.196375,42.627113,ship,cue_conflict
-10.563031,-9.803303,ship,cue_conflict
2.9106352,5.241178,ship,cue_conflict
-16.18231,-11.516024,ship,cue_conflict
-12.208181,-10.234069,ship,cue_conflict
-14.355977,-4.4566226,ship,cue_conflict
2.6064346,-2.1269486,ship,cue_conflict
-14.8066025,-7.047435,ship,cue_conflict
-12.748005,-8.800219,ship,cue_conflict
-14.322241,-4.7283783,ship,cue_conflict
-16.076283,-7.07791,ship,cue_conflict
-10.903656,-8.439782,ship,cue_conflict
-19.307066,-2.737379,ship,cue_conflict
-12.534524,-5.2370787,ship,cue_conflict
-6.8115416,-3.666916,ship,cue_conflict
-13.656461,1.1837922,ship,cue_conflict
-8.534965,10.413915,deer,cue_conflict
-7.8572154,4.2052894,deer,cue_conflict
-2.7123857,-8.679731,deer,cue_conflict
-6.4468207,2.510533,deer,cue_conflict
-11.113725,6.8990808,deer,cue_conflict
-10.784565,9.155672,deer,cue_conflict
-13.726051,3.9194753,deer,cue_conflict
-6.9923244,10.637037,deer,cue_conflict
-11.03909,2.2634003,deer,cue_conflict
-8.812029,4.8083305,deer,cue_conflict
-2.1394882,-3.8409464,deer,cue_conflict
-9.516941,3.8647697,deer,cue_conflict
-2.2169986,-3.7681532,deer,cue_conflict
-1.916593,-9.122353,deer,cue_conflict
-11.445247,9.028706,deer,cue_conflict
-10.224201,8.3722725,deer,cue_conflict
-7.1122165,9.262487,deer,cue_conflict
-11.63021,2.4351358,deer,cue_conflict
-12.92056,7.853074,deer,cue_conflict
-10.52799,9.208943,deer,cue_conflict
-9.916353,9.141105,deer,cue_conflict
-9.360263,3.41753,deer,cue_conflict
-6.6068034,5.3866696,deer,cue_conflict
-8.56476,9.727228,deer,cue_conflict
-2.9282823,-8.597925,deer,cue_conflict
-13.713976,-5.595363,truck,cue_conflict
-11.75752,-4.7607102,truck,cue_conflict
-58.674656,-14.052336,truck,cue_conflict
-13.873655,-1.3065566,truck,cue_conflict
-16.016518,-4.8593297,truck,cue_conflict
-14.00354,-9.215461,truck,cue_conflict
-20.624668,-10.081624,truck,cue_conflict
-58.336163,-13.651362,truck,cue_conflict
-11.950086,-4.3751855,truck,cue_conflict
-16.014132,-5.0151377,truck,cue_conflict
-13.971677,-7.645428,truck,cue_conflict
-12.827285,-4.5241275,truck,cue_conflict
-19.050507,-8.914447,truck,cue_conflict
-17.354843,-7.8412633,truck,cue_conflict
-20.264833,-10.328236,truck,cue_conflict
-13.43972,-7.989843,truck,cue_conflict
-18.333954,-7.154663,truck,cue_conflict
-21.345757,-10.030485,truck,cue_conflict
-14.065214,-7.1592536,truck,cue_conflict
-17.06309,-2.538531,truck,cue_conflict
-18.666115,-12.876124,truck,cue_conflict
-43.66329,-21.602345,truck,cue_conflict
-12.312717,-7.338743,truck,cue_conflict
-21.032997,-10.074861,truck,cue_conflict
-19.779022,-11.097322,truck,cue_conflict
25.514664,4.02412,dog,cue_conflict
9.786363,-1.2379444,dog,cue_conflict
-8.715202,-5.399976,dog,cue_conflict
-2.1711564,6.6198425,dog,cue_conflict
-8.4898205,-9.819833,dog,cue_conflict
14.155087,12.302664,dog,cue_conflict
18.43157,8.31093,dog,cue_conflict
41.110687,-12.370104,dog,cue_conflict
-6.238619,-4.284225,dog,cue_conflict
28.513252,16.402884,dog,cue_conflict
2.6468608,-2.1669753,dog,cue_conflict
21.28315,4.3274693,dog,cue_conflict
10.485653,-14.087089,dog,cue_conflict
19.395874,-11.01004,dog,cue_conflict
-6.997084,-3.0149877,dog,cue_conflict
40.58321,-12.122182,dog,cue_conflict
30.410566,-9.881748,dog,cue_conflict
15.100812,-6.0512156,dog,cue_conflict
13.263648,11.418852,dog,cue_conflict
37.314793,2.9436464,dog,cue_conflict
17.279564,-15.885714,dog,cue_conflict
47.600525,-6.8229074,dog,cue_conflict
33.016582,-11.080083,dog,cue_conflict
35.084774,-6.776956,dog,cue_conflict
18.991798,-16.916876,dog,cue_conflict
25.032434,29.826454,monkey,cue_conflict
-8.515298,-2.6947877,monkey,cue_conflict
29.01551,24.92113,monkey,cue_conflict
35.021812,21.128374,monkey,cue_conflict
25.73123,38.893288,monkey,cue_conflict
30.733196,29.596458,monkey,cue_conflict
23.319042,23.176104,monkey,cue_conflict
29.652512,9.864628,monkey,cue_conflict
27.949173,42.02015,monkey,cue_conflict
-12.8693,5.565087,monkey,cue_conflict
37.022827,17.991976,monkey,cue_conflict
26.69668,32.006535,monkey,cue_conflict
38.441315,23.151814,monkey,cue_conflict
27.366556,27.888601,monkey,cue_conflict
27.133955,31.53554,monkey,cue_conflict
36.871468,23.360188,monkey,cue_conflict
34.591396,31.30045,monkey,cue_conflict
37.698975,22.608421,monkey,cue_conflict
19.519062,20.997458,monkey,cue_conflict
24.832922,46.02921,monkey,cue_conflict
-21.71422,-5.078425,monkey,cue_conflict
24.48661,41.80268,monkey,cue_conflict
-4.83822,0.95828694,monkey,cue_conflict
29.728895,22.405684,monkey,cue_conflict
-4.4345775,2.3774753,monkey,cue_conflict
-16.396309,24.805782,airplane,translate_right_32
22.999218,-5.173407,dog,translate_right_32
26.424372,23.655254,monkey,translate_right_32
3.8179348,39.876595,bird,translate_right_32
-42.023685,-9.734632,truck,translate_right_32
-51.945965,11.561668,ship,translate_right_32
44.017326,-38.091835,deer,translate_right_32
46.804546,-19.153488,cat,translate_right_32
23.918985,19.117298,monkey,translate_right_32
-6.775475,56.599854,bird,translate_right_32
-19.46624,-37.97921,car,translate_right_32
-4.945272,55.76637,bird,translate_right_32
23.128273,-0.5224656,dog,translate_right_32
5.3059683,48.11101,bird,translate_right_32
56.23568,-10.228151,cat,translate_right_32
-33.33174,11.07275,airplane,translate_right_32
11.833777,49.716164,bird,translate_right_32
-46.513664,-32.35042,truck,translate_right_32
-47.674706,15.525022,ship,translate_right_32
4.9872923,-35.00342,horse,translate_right_32
5.8297625,33.05371,bird,translate_right_32
12.951496,-34.887325,horse,translate_right_32
-23.777855,17.965506,airplane,translate_right_32
-53.637432,-14.756281,truck,translate_right_32
38.230003,29.311287,monkey,translate_right_32
-48.764645,26.666025,ship,translate_right_32
-52.92244,8.134162,ship,translate_right_32
39.08476,-32.932205,deer,translate_right_32
33.14501,-30.12948,deer,translate_right_32
-44.284714,11.452589,ship,translate_right_32
28.758253,-4.5300636,dog,translate_right_32
-61.552273,9.067658,ship,translate_right_32
36.587482,-32.362755,deer,translate_right_32
19.45167,-10.87658,dog,translate_right_32
-52.67894,-13.397679,truck,translate_right_32
-55.50699,11.477639,ship,translate_right_32
30.291534,-9.882315,dog,translate_right_32
38.889214,33.941444,monkey,translate_right_32
50.373203,7.907026,cat,translate_right_32
36.376053,22.89857,monkey,translate_right_32
-44.046867,-31.915964,truck,translate_right_32
-20.282263,30.98001,airplane,translate_right_32
10.341989,42.68608,bird,translate_right_32
6.933155,-24.075865,horse,translate_right_32
23.568684,-11.02099,dog,translate_right_32
-23.612835,29.537592,airplane,translate_right_32
-45.846676,-8.781553,truck,translate_right_32
6.3622904,-32.21897,horse,translate_right_32
40.64696,-23.07991,deer,translate_right_32
-20.140652,-24.735502,car,translate_right_32
-42.79746,13.682475,airplane,translate_right_32
28.630283,20.160921,monkey,translate_right_32
-3.5566742,45.284607,bird,translate_right_32
-29.30427,-31.94409,car,translate_right_32
-25.814587,30.70314,airplane,translate_right_32
32.5486,26.867111,monkey,translate_right_32
-21.975447,-32.601135,car,translate_right_32
29.714361,33.077908,monkey,translate_right_32
-1.0455573,54.595646,bird,translate_right_32
-18.240747,-34.750473,car,translate_right_32
-41.898277,-33.203865,car,translate_right_32
57.13012,8.654081,cat,translate_right_32
34.684357,-38.32165,deer,translate_right_32
35.26091,-32.34813,deer,translate_right_32
23.935572,24.221682,monkey,translate_right_32
14.382274,-6.1864066,dog,translate_right_32
36.697025,21.856733,monkey,translate_right_32
15.275904,46.28732,bird,translate_right_32
-5.4535894,48.228176,bird,translate_right_32
10.820933,13.808838,dog,translate_right_32
-22.790066,-35.34115,car,translate_right_32
31.592394,-1.7631197,cat,translate_right_32
30.750492,30.401308,monkey,translate_right_32
35.543983,4.7958474,dog,translate_right_32
60.86598,0.3288846,cat,translate_right_32
-46.320293,-7.890709,truck,translate_right_32
-23.164886,-24.741373,car,translate_right_32
28.093151,21.115267,monkey,translate_right_32
44.451523,6.289555,cat,translate_right_32
-46.547073,-18.873158,truck,translate_right_32
55.611008,-17.813082,cat,translate_right_32
33.401318,-39.47582,deer,translate_right_32
32.990433,-38.229362,deer,translate_right_32
-45.355686,19.022621,ship,translate_right_32
51.588284,-11.030087,cat,translate_right_32
1.7096493,42.303375,bird,translate_right_32
18.947021,-17.014013,dog,translate_right_32
8.949744,55.752678,bird,translate_right_32
-25.055706,24.78124,airplane,translate_right_32
-28.688507,32.8325,airplane,translate_right_32
32.282276,35.417366,monkey,translate_right_32
-34.383766,13.026272,airplane,translate_right_32
25.229597,43.733734,monkey,translate_right_32
1.3612641,44.72535,bird,translate_right_32
2.9882593,44.66643,bird,translate_right_32
51.59432,6.5931053,cat,translate_right_32
53.35794,-5.5869293,cat,translate_right_32
-19.246445,-26.321814,car,translate_right_32
-23.934298,-23.259132,car,translate_right_32
-50.065372,8.757628,ship,translate_right_32
41.58151,-16.359015,cat,translate_right_32
-18.84282,32.470867,airplane,translate_right_32
33.90984,-23.264359,deer,translate_right_32
-36.834507,-30.374947,car,translate_right_32
-52.95904,5.807799,ship,translate_right_32
55.83046,-18.313013,cat,translate_right_32
29.762976,10.461316,monkey,translate_right_32
4.981549,-32.92879,horse,translate_right_32
7.348359,39.948475,bird,translate_right_32
-43.117073,-21.890055,truck,translate_right_32
41.140984,-33.29168,deer,translate_right_32
-53.602913,-12.717473,truck,translate_right_32
17.633627,-35.91268,horse,translate_right_32
36.785664,-28.719006,deer,translate_right_32
28.704248,-25.794085,horse,translate_right_32
-53.16424,9.376338,ship,translate_right_32
0.9097774,58.23995,bird,translate_right_32
25.695787,44.95304,monkey,translate_right_32
32.055584,-10.712384,dog,translate_right_32
-56.693497,-12.330374,truck,translate_right_32
32.16294,32.16511,monkey,translate_right_32
55.946377,1.1327722,bird,translate_right_32
-0.5646589,43.843975,bird,translate_right_32
13.878686,-32.772465,horse,translate_right_32
38.548275,-26.163486,deer,translate_right_32
33.058044,-12.034503,dog,translate_right_32
-32.152866,11.948575,airplane,translate_right_32
-39.549923,-19.600965,truck,translate_right_32
-56.01479,9.936663,ship,translate_right_32
26.593674,-34.024185,deer,translate_right_32
-48.555935,-29.991743,truck,translate_right_32
48.449158,5.3407307,cat,translate_right_32
32.596886,0.5700276,cat,translate_right_32
31.389587,-38.7322,deer,translate_right_32
-24.610014,-23.884592,car,translate_right_32
52.684628,-15.705916,cat,translate_right_32
11.418277,12.359486,dog,translate_right_32
44.187477,-31.340008,deer,translate_right_32
46.223686,-27.323994,deer,translate_right_32
2.4344041,1.901702,dog,translate_right_32
26.051586,-3.9143214,dog,translate_right_32
41.378815,31.272655,monkey,translate_right_32
-30.970827,-18.934975,car,translate_right_32
-25.509552,-38.184807,car,translate_right_32
-26.980663,-27.53825,car,translate_right_32
55.46427,-6.0722795,cat,translate_right_32
-39.172047,11.722523,airplane,translate_right_32
-5.5107303,56.228195,bird,translate_right_32
42.16457,-24.858036,deer,translate_right_32
-53.197594,25.508398,ship,translate_right_32
35.3649,-7.1352243,dog,translate_right_32
-41.5793,17.841137,ship,translate_right_32
8.536817,56.165504,bird,translate_right_32
-24.803986,-35.98811,car,translate_right_32
11.424031,11.265883,dog,translate_right_32
54.072464,7.8878174,cat,translate_right_32
26.515987,42.80868,monkey,translate_right_32
-59.869656,10.09384,ship,translate_right_32
-49.152016,-26.651318,truck,translate_right_32
3.940365,-32.404255,horse,translate_right_32
-39.031937,-5.6565595,truck,translate_right_32
39.863277,27.807425,monkey,translate_right_32
32.419186,-32.385586,deer,translate_right_32
18.76944,-7.6355376,dog,translate_right_32
-32.202526,-35.237976,car,translate_right_32
-55.491734,-12.352285,truck,translate_right_32
10.061451,12.654832,dog,translate_right_32
-40.818756,14.699732,airplane,translate_right_32
36.173386,21.163921,monkey,translate_right_32
47.295918,-30.771486,deer,translate_right_32
2.481391,47.14481,bird,translate_right_32
-2.1931484,50.972992,bird,translate_right_32
1.7071127,53.53714,bird,translate_right_32
18.883833,-39.179996,horse,translate_right_32
16.465254,-15.940654,dog,translate_right_32
43.097523,-29.14546,deer,translate_right_32
33.592037,-38.583084,deer,translate_right_32
-54.158367,-11.209811,truck,translate_right_32
-54.915512,9.899811,ship,translate_right_32
25.312393,-39.824142,horse,translate_right_32
54.68411,-17.63076,cat,translate_right_32
-18.229757,22.0435,airplane,translate_right_32
39.879738,27.232347,monkey,translate_right_32
-24.202604,32.30002,airplane,translate_right_32
49.83445,-5.693905,cat,translate_right_32
-22.59635,31.02767,airplane,translate_right_32
32.37987,-38.7,deer,translate_right_32
-24.207813,-30.253574,car,translate_right_32
-45.886307,-7.9222603,truck,translate_right_32
-50.89767,4.4035854,ship,translate_right_32
12.401554,14.572124,dog,translate_right_32
-62.157204,10.048584,ship,translate_right_32
0.2325294,-24.550898,horse,translate_right_32
44.068222,3.8119078,cat,translate_right_32
36.95555,5.2687163,dog,translate_right_32
-42.07711,10.593363,ship,translate_right_32
1.2576834,-26.305103,horse,translate_right_32
-35.21041,-18.381002,deer,translate_right_32
31.506218,-11.361249,dog,translate_right_32
-23.837418,15.674506,airplane,translate_right_32
53.083603,6.8709855,cat,translate_right_32
-17.38677,30.680235,airplane,translate_right_32
-52.582245,13.537195,ship,translate_right_32
13.478658,-39.07907,horse,translate_right_32
-18.16396,-32.216236,car,translate_right_32
31.137379,-13.352285,dog,translate_right_32
32.23873,-39.464073,deer,translate_right_32
-50.826656,9.866413,ship,translate_right_32
-27.102905,26.773058,airplane,translate_right_32
7.880137,-25.104202,horse,translate_right_32
-28.35308,-22.105627,car,translate_right_32
28.874933,20.77166,monkey,translate_right_32
18.895847,21.364967,monkey,translate_right_32
-20.37827,-27.97235,car,translate_right_32
14.089222,-27.26113,horse,translate_right_32
34.308414,-29.433743,deer,translate_right_32
-22.217556,-27.747435,car,translate_right_32
29.674454,34.430935,monkey,translate_right_32
-57.490856,-16.392769,truck,translate_right_32
6.140124,-25.205767,horse,translate_right_32
-54.630295,-15.975422,truck,translate_right_32
29.366661,-11.690256,dog,translate_right_32
4.6574764,-26.854841,horse,translate_right_32
15.123408,2.2809124,dog,translate_right_32
-60.660767,9.720109,ship,translate_right_32
2.9619555,23.736095,bird,translate_right_32
-44.36369,9.133279,ship,translate_right_32
-29.281706,-35.137634,car,translate_right_32
-35.10792,8.03979,airplane,translate_right_32
-30.65548,12.859772,airplane,translate_right_32
14.586118,-37.412846,horse,translate_right_32
-42.877323,-13.964811,truck,translate_right_32
-41.391335,19.373549,ship,translate_right_32
-55.105854,-17.194942,truck,translate_right_32
-0.6712241,50.67428,bird,translate_right_32
60.88611,-0.8015928,cat,translate_right_32
52.860878,8.323861,cat,translate_right_32
32.75226,32.36855,monkey,translate_right_32
-45.958637,7.8446,ship,translate_right_32
-56.15661,5.6994514,ship,translate_right_32
-55.014336,-13.342854,truck,translate_right_32
26.259901,-12.30761,dog,translate_right_32
-18.306982,28.86111,airplane,translate_right_32
55.059025,9.287363,cat,translate_right_32
56.351444,-17.617006,cat,translate_right_32
-36.852024,-1.5596222,airplane,translate_right_32
-27.606209,-40.679516,car,translate_right_32
-29.505518,-1.2420249,bird,translate_right_32
7.6951413,55.29779,bird,translate_right_32
1.1119325,54.58051,bird,translate_right_32
31.440624,31.429018,monkey,translate_right_32
5.54749,33.648422,bird,translate_right_32
27.995882,44.027023,monkey,translate_right_32
19.12839,-31.561602,horse,translate_right_32
11.444763,-28.794294,horse,translate_right_32
7.71164,-27.089209,horse,translate_right_32
37.803905,5.26547,dog,translate_right_32
8.442222,-34.52404,horse,translate_right_32
-20.98697,-22.6103,car,translate_right_32
27.622454,-38.48709,horse,translate_right_32
-30.402153,11.499287,airplane,translate_right_32
29.265034,-33.746162,horse,translate_right_32
-52.79377,16.095295,ship,translate_right_32
-28.813267,12.041708,airplane,translate_right_32
-26.285126,32.174908,airplane,translate_right_32
-58.052364,10.365591,ship,translate_right_32
31.88606,-37.110703,deer,translate_right_32
32.16755,-9.502063,dog,translate_right_32
-43.960266,-28.263304,truck,translate_right_32
40.271534,-27.501337,deer,translate_right_32
63.06272,-0.11943385,cat,translate_right_32
53.39099,5.433279,cat,translate_right_32
-22.508757,-29.172852,car,translate_right_32
-59.596386,9.11339,ship,translate_right_32
29.065691,23.313747,monkey,translate_right_32
0.83565825,-31.3188,horse,translate_right_32
10.6245165,-38.48131,horse,translate_right_32
-33.089912,-31.179365,car,translate_right_32
30.094187,31.790339,monkey,translate_right_32
6.64506,53.883644,bird,translate_right_32
-41.236515,-17.417631,truck,translate_right_32
6.0768166,-29.217733,horse,translate_right_32
-29.038195,28.306528,airplane,translate_right_32
-44.71228,-26.83088,truck,translate_right_32
55.056995,5.9635334,cat,translate_right_32
-18.348907,26.872099,airplane,translate_right_32
-50.815105,27.827377,ship,translate_right_32
30.987623,32.387844,monkey,translate_right_32
4.1499257,45.94129,bird,translate_right_32
-48.43364,3.5731633,ship,translate_right_32
-25.072617,-25.974003,car,translate_right_32
19.71684,-19.919592,deer,translate_right_32
-20.869108,-26.318825,car,translate_right_32
-35.74816,12.203541,airplane,translate_right_32
21.641779,4.279539,dog,translate_right_32
-0.23781009,-26.610819,horse,translate_right_32
-56.09883,-15.90258,truck,translate_right_32
-30.951971,25.664295,airplane,translate_right_32
40.00872,-35.722088,deer,translate_right_32
-26.588768,-35.542866,car,translate_right_32
58.977943,4.378522,cat,translate_right_32
-36.72596,-11.893604,truck,translate_right_32
12.327494,-36.86974,horse,translate_right_32
21.956608,-27.686646,horse,translate_right_32
28.873703,1.0234905,dog,translate_right_32
40.738842,4.840352,cat,translate_right_32
-17.790936,-28.59636,car,translate_right_32
-36.029804,-35.317814,car,translate_right_32
-21.249342,-28.433083,car,translate_right_32
51.56771,-18.96105,cat,translate_right_32
14.999923,1.5960193,dog,translate_right_32
-51.84075,25.193874,ship,translate_right_32
19.537533,-2.6342976,dog,translate_right_32
52.052994,1.9295678,cat,translate_right_32
-46.472668,-26.878424,truck,translate_right_32
25.685835,43.03041,monkey,translate_right_32
31.22628,-22.035685,deer,translate_right_32
-29.006983,16.040573,airplane,translate_right_32
-34.699352,-33.017654,car,translate_right_32
-45.503906,-6.1216707,truck,translate_right_32
-23.434328,-23.177246,car,translate_right_32
-38.106995,9.738706,ship,translate_right_32
22.951628,-19.897331,dog,translate_right_32
-55.160507,13.066549,ship,translate_right_32
15.34787,-34.737686,horse,translate_right_32
12.640952,-37.87234,horse,translate_right_32
40.80756,-25.954628,deer,translate_right_32
37.479607,-8.277307,dog,translate_right_32
14.054278,1.7902424,dog,translate_right_32
-0.8669296,-24.01422,horse,translate_right_32
-27.293718,-34.51771,car,translate_right_32
50.38083,3.5876844,cat,translate_right_32
-15.869118,-36.75026,car,translate_right_32
11.112303,47.88247,bird,translate_right_32
24.686087,39.347248,monkey,translate_right_32
3.5889792,-29.477957,horse,translate_right_32
46.320675,-23.062166,deer,translate_right_32
-26.355774,-33.142677,car,translate_right_32
7.4001384,56.169086,bird,translate_right_32
13.253263,-38.22478,horse,translate_right_32
60.170727,-2.1578095,cat,translate_right_32
-49.778706,10.577937,ship,translate_right_32
1.2143967,48.213398,bird,translate_right_32
-51.063904,24.291143,ship,translate_right_32
37.83669,-36.60874,deer,translate_right_32
44.603394,-24.631243,deer,translate_right_32
4.474111,50.228065,bird,translate_right_32
-25.056053,-31.549257,car,translate_right_32
-22.928616,16.250244,airplane,translate_right_32
35.940414,21.758917,monkey,translate_right_32
38.686718,-38.869667,deer,translate_right_32
-49.772163,22.429314,ship,translate_right_32
0.517601,-29.142675,horse,translate_right_32
-1.3625625,-25.437109,horse,translate_right_32
23.481806,3.9949417,dog,translate_right_32
17.048159,-17.958221,dog,translate_right_32
33.711136,-36.940987,deer,translate_right_32
-16.573568,-33.827618,car,translate_right_32
35.47355,-34.72934,deer,translate_right_32
-7.2638707,42.466084,bird,translate_right_32
-47.124447,-9.8854475,truck,translate_right_32
-56.630157,-14.327163,truck,translate_right_32
-25.135237,28.603828,airplane,translate_right_32
-27.794622,-32.54768,car,translate_right_32
23.35897,44.114094,monkey,translate_right_32
37.3079,21.987875,monkey,translate_right_32
62.205505,-1.1653411,cat,translate_right_32
-29.597698,-37.438694,car,translate_right_32
57.843033,-6.929209,cat,translate_right_32
9.818955,-1.2656935,dog,translate_right_32
14.360111,-7.192111,dog,translate_right_32
-29.650562,30.541555,airplane,translate_right_32
60.37912,-3.3487628,cat,translate_right_32
35.23169,-27.384064,deer,translate_right_32
3.654845,52.519836,bird,translate_right_32
-26.79966,-19.443314,car,translate_right_32
56.733147,-12.548769,cat,translate_right_32
-55.438595,-14.859158,truck,translate_right_32
-22.739658,21.959553,airplane,translate_right_32
-50.270794,26.911343,ship,translate_right_32
0.058672883,46.688824,bird,translate_right_32
12.470558,-38.91721,horse,translate_right_32
-39.36288,7.1926003,ship,translate_right_32
-16.544401,22.740866,airplane,translate_right_32
-22.150188,32.248142,airplane,translate_right_32
6.959045,50.580013,bird,translate_right_32
4.6244516,58.820866,bird,translate_right_32
-40.62163,12.871843,airplane,translate_right_32
16.465946,-27.907011,horse,translate_right_32
14.017817,2.876358,dog,translate_right_32
42.220695,-33.349422,deer,translate_right_32
-24.590622,-33.765057,car,translate_right_32
-19.79842,-35.28915,car,translate_right_32
-20.1985,28.399231,airplane,translate_right_32
27.618895,42.83217,monkey,translate_right_32
-58.709045,9.202932,ship,translate_right_32
-45.88105,-29.563604,truck,translate_right_32
10.495753,-14.343484,dog,translate_right_32
62.342525,-4.0304008,cat,translate_right_32
-23.701244,30.872925,airplane,translate_right_32
29.465302,20.664234,monkey,translate_right_32
-51.791885,-16.42058,truck,translate_right_32
4.853854,44.316433,bird,translate_right_32
-38.805195,15.571144,airplane,translate_right_32
30.886616,-42.271122,deer,translate_right_32
41.622066,-32.0632,deer,translate_right_32
6.555184,33.120365,bird,translate_right_32
25.984325,-26.758062,horse,translate_right_32
31.62896,32.576046,monkey,translate_right_32
-45.06793,-24.859194,truck,translate_right_32
-47.392216,-29.450235,truck,translate_right_32
-35.133694,14.330451,ship,translate_right_32
-36.70163,-27.126785,car,translate_right_32
49.26189,2.485656,cat,translate_right_32
-46.830917,-30.579718,truck,translate_right_32
42.268272,-30.503176,deer,translate_right_32
32.03373,-35.485245,deer,translate_right_32
-18.196966,24.696676,airplane,translate_right_32
-51.75568,-12.400512,truck,translate_right_32
-22.85407,27.142067,airplane,translate_right_32
23.56596,36.832287,monkey,translate_right_32
56.493958,-5.1872826,cat,translate_right_32
-31.59724,-12.232404,truck,translate_right_32
36.198597,-29.74744,deer,translate_right_32
-6.891887,57.265602,bird,translate_right_32
-47.645226,14.352376,ship,translate_right_32
26.17812,-17.067238,horse,translate_right_32
28.145557,28.217192,monkey,translate_right_32
11.128689,-37.310486,horse,translate_right_32
-43.32991,5.932744,truck,translate_right_32
-0.3316498,-20.53948,horse,translate_right_32
55.689034,-16.215239,cat,translate_right_32
-52.59185,26.802933,ship,translate_right_32
-50.53802,25.935474,ship,translate_right_32
-1.6865106,48.516045,bird,translate_right_32
26.729681,43.644615,monkey,translate_right_32
-52.468937,-11.319684,truck,translate_right_32
55.618607,-7.686427,cat,translate_right_32
14.056493,-6.9841194,dog,translate_right_32
29.169413,-1.0732534,dog,translate_right_32
51.254517,-3.7200115,cat,translate_right_32
45.668713,-14.972385,cat,translate_right_32
-48.413548,-31.57567,truck,translate_right_32
3.4484286,24.076382,bird,translate_right_32
36.28206,22.196135,monkey,translate_right_32
49.453156,-17.003054,cat,translate_right_32
-5.80211,-23.467491,car,translate_right_32
7.6226044,45.957603,bird,translate_right_32
12.236547,12.244738,dog,translate_right_32
29.174868,-10.3518305,dog,translate_right_32
25.008186,30.121489,monkey,translate_right_32
-0.43499652,38.776756,bird,translate_right_32
40.88335,32.37474,monkey,translate_right_32
55.935726,-6.744266,cat,translate_right_32
-15.890228,27.82433,airplane,translate_right_32
7.8199596,-29.65305,horse,translate_right_32
-57.013977,11.070383,ship,translate_right_32
60.769634,-2.7795,cat,translate_right_32
25.136324,3.5478635,dog,translate_right_32
-7.2599673,-17.319078,airplane,translate_right_32
-15.082554,22.262909,airplane,translate_right_32
41.973885,-27.24826,deer,translate_right_32
-26.041471,23.723776,airplane,translate_right_32
-19.315065,-30.55013,car,translate_right_32
17.933437,-25.122353,horse,translate_right_32
32.156944,31.000809,monkey,translate_right_32
-49.752964,-18.965622,truck,translate_right_32
23.787716,5.4157224,dog,translate_right_32
-43.629463,17.113224,ship,translate_right_32
32.887936,29.390774,monkey,translate_right_32
-57.972816,-9.371184,truck,translate_right_32
27.017393,44.18871,monkey,translate_right_32
-46.011654,-28.491634,truck,translate_right_32
11.771864,-38.34023,horse,translate_right_32
-20.270254,24.838856,airplane,translate_right_32
-46.264526,13.155565,ship,translate_right_32
-3.9268684,-28.01357,horse,translate_right_32
26.85668,-8.74319,dog,translate_right_32
37.728786,4.418504,dog,translate_right_32
2.1777194,49.949093,bird,translate_right_32
38.082455,-24.201216,deer,translate_right_32
36.42379,-25.509596,deer,translate_right_32
-26.849598,31.179554,airplane,translate_right_32
28.234173,39.50533,monkey,translate_right_32
54.306465,-7.036484,cat,translate_right_32
-54.316254,-13.880224,truck,translate_right_32
15.293333,-39.371956,horse,translate_right_32
32.793232,-25.540876,deer,translate_right_32
36.78571,22.32669,monkey,translate_right_32
-54.98691,-8.267094,truck,translate_right_32
-61.42058,11.241216,ship,translate_right_32
-47.09607,-28.157526,truck,translate_right_32
-49.024628,-28.50389,truck,translate_right_32
17.933489,35.970543,bird,translate_right_32
-48.09321,9.333446,ship,translate_right_32
-21.526022,-25.476992,car,translate_right_32
34.147488,-37.252083,deer,translate_right_32
-51.063053,6.7755976,ship,translate_right_32
-30.88595,-33.01681,car,translate_right_32
-3.9513433,-22.979492,horse,translate_right_32
-15.837794,25.11135,airplane,patch_shuffle
22.977827,-5.1848087,dog,patch_shuffle
26.119568,23.411133,monkey,patch_shuffle
3.8341422,39.62191,bird,patch_shuffle
-41.74676,-9.857916,truck,patch_shuffle
-46.19527,4.3887544,ship,patch_shuffle
44.093117,-38.300743,deer,patch_shuffle
45.73461,-19.347845,cat,patch_shuffle
24.034151,18.969627,monkey,patch_shuffle
-7.3586974,56.496376,bird,patch_shuffle
-32.6478,-23.867334,car,patch_shuffle
-5.8816423,55.17607,bird,patch_shuffle
23.255377,-0.7470085,dog,patch_shuffle
5.13059,47.059326,bird,patch_shuffle
56.300426,-10.355794,cat,patch_shuffle
-33.88881,11.502429,airplane,patch_shuffle
12.09517,49.87443,bird,patch_shuffle
-37.046364,-23.589695,truck,patch_shuffle
-46.295162,15.223147,ship,patch_shuffle
4.596797,-34.9866,horse,patch_shuffle
5.7012086,32.761276,bird,patch_shuffle
13.01218,-34.30462,horse,patch_shuffle
-24.046122,18.01381,airplane,patch_shuffle
-47.87198,-14.503019,truck,patch_shuffle
38.897102,29.001053,monkey,patch_shuffle
-48.55687,27.076136,ship,patch_shuffle
-53.874825,7.682877,ship,patch_shuffle
43.2237,-20.683846,deer,patch_shuffle
33.29322,-30.577744,deer,patch_shuffle
-44.143795,10.645036,ship,patch_shuffle
28.780878,-5.1107764,dog,patch_shuffle
-61.783028,8.415151,ship,patch_shuffle
36.845455,-20.886366,deer,patch_shuffle
19.4769,-10.860897,dog,patch_shuffle
-48.389305,-15.699704,truck,patch_shuffle
-56.382347,7.8076644,ship,patch_shuffle
29.96852,-9.443127,dog,patch_shuffle
38.83181,33.987385,monkey,patch_shuffle
49.97261,7.796506,cat,patch_shuffle
38.41886,21.49043,monkey,patch_shuffle
-44.115726,-31.113089,truck,patch_shuffle
-19.85534,30.228413,airplane,patch_shuffle
10.651111,42.682716,bird,patch_shuffle
6.4009156,-23.381773,horse,patch_shuffle
23.465164,-11.122472,dog,patch_shuffle
-22.160587,29.488667,airplane,patch_shuffle
-44.846382,-9.46815,truck,patch_shuffle
5.726266,-31.47053,horse,patch_shuffle
40.53237,-21.711926,deer,patch_shuffle
-19.664652,-24.257877,car,patch_shuffle
-42.84089,13.671998,airplane,patch_shuffle
28.591112,16.910742,monkey,patch_shuffle
-4.261337,44.98024,bird,patch_shuffle
-29.2782,-31.44764,car,patch_shuffle
-26.06856,29.710052,airplane,patch_shuffle
32.70939,26.909327,monkey,patch_shuffle
-28.647572,-29.37822,car,patch_shuffle
27.90311,33.826572,monkey,patch_shuffle
-1.4430315,54.67796,bird,patch_shuffle
-31.068161,-22.822798,car,patch_shuffle
-33.671806,-24.926674,car,patch_shuffle
57.42012,8.570118,cat,patch_shuffle
35.17275,-39.053387,deer,patch_shuffle
35.926994,-32.778454,deer,patch_shuffle
23.669443,24.601902,monkey,patch_shuffle
13.781157,-6.1416326,dog,patch_shuffle
38.156433,20.40917,monkey,patch_shuffle
15.274929,46.280804,bird,patch_shuffle
-5.596556,48.423046,bird,patch_shuffle
10.525496,14.300405,dog,patch_shuffle
-22.110523,-35.583218,car,patch_shuffle
31.442059,-1.8011887,cat,patch_shuffle
26.38122,25.54345,monkey,patch_shuffle
34.587196,4.6470647,dog,patch_shuffle
60.39026,0.8842982,cat,patch_shuffle
-44.8574,-8.045288,truck,patch_shuffle
-23.367283,-24.120646,car,patch_shuffle
27.4841,21.59446,monkey,patch_shuffle
44.255245,6.344627,cat,patch_shuffle
-46.165882,-18.742838,truck,patch_shuffle
56.382217,-18.755205,cat,patch_shuffle
34.076763,-40.247433,deer,patch_shuffle
33.468815,-40.571945,deer,patch_shuffle
-39.850327,-0.09515731,ship,patch_shuffle
51.636818,-11.031171,cat,patch_shuffle
1.3953514,41.84018,bird,patch_shuffle
18.910574,-16.76059,dog,patch_shuffle
9.612297,55.398903,bird,patch_shuffle
-26.894493,24.589975,airplane,patch_shuffle
-28.569042,33.17826,airplane,patch_shuffle
32.169918,36.050568,monkey,patch_shuffle
-34.546448,13.384972,airplane,patch_shuffle
24.36547,43.415985,monkey,patch_shuffle
0.8997041,42.18648,bird,patch_shuffle
3.4056966,44.38607,bird,patch_shuffle
51.20591,6.423188,cat,patch_shuffle
53.11455,-5.50275,cat,patch_shuffle
-30.954939,-26.125393,car,patch_shuffle
-24.524715,-22.51164,car,patch_shuffle
-49.262756,7.921082,ship,patch_shuffle
41.65357,-16.708298,cat,patch_shuffle
-18.261953,33.170456,airplane,patch_shuffle
33.901817,-22.780788,deer,patch_shuffle
-32.302284,-27.535507,car,patch_shuffle
-53.166275,5.7377977,ship,patch_shuffle
56.810436,-18.40914,cat,patch_shuffle
29.832125,11.042989,monkey,patch_shuffle
3.6643333,-33.527843,horse,patch_shuffle
7.620987,40.12025,bird,patch_shuffle
-42.147865,-21.948128,truck,patch_shuffle
44.246986,-33.086433,deer,patch_shuffle
-49.464546,-12.570259,truck,patch_shuffle
23.421865,-6.7146134,horse,patch_shuffle
36.826847,-27.958843,deer,patch_shuffle
28.777243,-25.672358,horse,patch_shuffle
-53.675167,8.58748,ship,patch_shuffle
0.7918702,58.437458,bird,patch_shuffle
26.169632,45.69655,monkey,patch_shuffle
33.124672,-10.37594,dog,patch_shuffle
-44.27148,-16.502441,truck,patch_shuffle
33.160805,33.1771,monkey,patch_shuffle
55.38861,1.4105303,bird,patch_shuffle
-0.60704184,43.122063,bird,patch_shuffle
14.383209,-31.588291,horse,patch_shuffle
44.510727,-16.843954,deer,patch_shuffle
34.170002,-12.736222,dog,patch_shuffle
-32.48207,12.928951,airplane,patch_shuffle
-39.239952,-19.900774,truck,patch_shuffle
-56.035206,8.465167,ship,patch_shuffle
26.71951,-34.17945,deer,patch_shuffle
-49.11534,-30.10533,truck,patch_shuffle
48.351875,5.386819,cat,patch_shuffle
32.51482,0.7017957,cat,patch_shuffle
30.609749,-38.049904,deer,patch_shuffle
-25.025396,-23.497667,car,patch_shuffle
52.115208,-15.865345,cat,patch_shuffle
11.358185,12.537691,dog,patch_shuffle
44.432304,-31.384962,deer,patch_shuffle
46.649323,-27.046265,deer,patch_shuffle
2.2815344,1.9552417,dog,patch_shuffle
25.796492,-4.015443,dog,patch_shuffle
41.47115,31.224403,monkey,patch_shuffle
-31.006634,-18.725386,car,patch_shuffle
-26.353312,-30.05913,car,patch_shuffle
-27.712122,-27.361984,car,patch_shuffle
55.36382,-5.175492,cat,patch_shuffle
-39.454113,11.328351,airplane,patch_shuffle
-5.8759437,55.918644,bird,patch_shuffle
42.401386,-24.260912,deer,patch_shuffle
-53.471493,24.864473,ship,patch_shuffle
35.03049,-6.2956705,dog,patch_shuffle
-41.35874,17.823397,ship,patch_shuffle
8.993891,56.61781,bird,patch_shuffle
-27.69922,-30.043552,car,patch_shuffle
11.532855,10.868094,dog,patch_shuffle
54.66452,7.7919044,cat,patch_shuffle
27.097311,46.092697,monkey,patch_shuffle
-58.916645,7.8489423,ship,patch_shuffle
-48.27912,-25.293331,truck,patch_shuffle
3.3536744,-32.71258,horse,patch_shuffle
-38.76556,-5.2009754,truck,patch_shuffle
40.016037,27.816807,monkey,patch_shuffle
35.83106,-21.338394,deer,patch_shuffle
18.753231,-7.6238194,dog,patch_shuffle
-30.843513,-27.655172,car,patch_shuffle
-43.63085,-15.646232,truck,patch_shuffle
9.592072,12.859507,dog,patch_shuffle
-40.834908,15.05166,airplane,patch_shuffle
36.39422,19.862688,monkey,patch_shuffle
48.094,-30.999798,deer,patch_shuffle
2.9675667,46.545498,bird,patch_shuffle
-2.456403,51.455624,bird,patch_shuffle
2.4856126,53.879753,bird,patch_shuffle
39.24085,-19.062637,horse,patch_shuffle
16.306793,-15.805459,dog,patch_shuffle
43.858063,-28.811281,deer,patch_shuffle
34.883553,-39.853813,deer,patch_shuffle
-44.948265,-16.728119,truck,patch_shuffle
-56.067303,7.675977,ship,patch_shuffle
25.923414,-39.82812,horse,patch_shuffle
55.160057,-19.33408,cat,patch_shuffle
-18.204294,21.154627,airplane,patch_shuffle
40.35426,26.904772,monkey,patch_shuffle
-23.692541,33.2367,airplane,patch_shuffle
49.361446,-5.9250965,cat,patch_shuffle
-21.95327,33.91187,airplane,patch_shuffle
32.615128,-40.03571,deer,patch_shuffle
-25.301327,-29.846079,car,patch_shuffle
-45.253918,-7.39534,truck,patch_shuffle
-50.68608,3.752228,ship,patch_shuffle
13.083178,15.603089,dog,patch_shuffle
-60.03765,7.5090117,ship,patch_shuffle
1.5237808,-24.169987,horse,patch_shuffle
43.94492,3.737618,cat,patch_shuffle
36.810337,5.9663186,dog,patch_shuffle
-41.64349,9.81426,ship,patch_shuffle
2.064639,-26.57537,horse,patch_shuffle
-35.03248,-18.393524,deer,patch_shuffle
31.14712,-11.716611,dog,patch_shuffle
-24.09381,15.98386,airplane,patch_shuffle
52.718002,7.224875,cat,patch_shuffle
-16.77025,30.526793,airplane,patch_shuffle
-52.87154,14.747144,ship,patch_shuffle
11.627896,-39.875584,horse,patch_shuffle
-34.43545,-22.930126,car,patch_shuffle
31.091036,-13.510169,dog,patch_shuffle
33.328384,-41.445625,deer,patch_shuffle
-50.75482,8.709372,ship,patch_shuffle
-27.197927,26.249485,airplane,patch_shuffle
5.6627374,-23.96211,horse,patch_shuffle
-28.778547,-22.063087,car,patch_shuffle
29.067902,19.267601,monkey,patch_shuffle
18.55899,21.537695,monkey,patch_shuffle
-31.504498,-26.76695,car,patch_shuffle
15.158408,-27.519295,horse,patch_shuffle
34.434757,-29.054472,deer,patch_shuffle
-24.985592,-28.797518,car,patch_shuffle
29.133915,35.144985,monkey,patch_shuffle
-46.390453,-15.467206,truck,patch_shuffle
5.701439,-24.671772,horse,patch_shuffle
-49.764088,-14.537254,truck,patch_shuffle
29.032671,-11.84766,dog,patch_shuffle
4.3882446,-26.57228,horse,patch_shuffle
16.365925,1.920641,dog,patch_shuffle
-60.776134,8.527335,ship,patch_shuffle
2.9795995,23.456297,bird,patch_shuffle
-43.34632,9.379617,ship,patch_shuffle
-29.605387,-34.638374,car,patch_shuffle
-34.962704,8.221729,airplane,patch_shuffle
-32.424328,13.623784,airplane,patch_shuffle
15.139656,-37.106453,horse,patch_shuffle
-43.094337,-14.432992,truck,patch_shuffle
-41.348343,19.546314,ship,patch_shuffle
-55.339203,-18.045603,truck,patch_shuffle
-1.050243,51.064552,bird,patch_shuffle
61.20258,-0.884959,cat,patch_shuffle
52.52284,9.002635,cat,patch_shuffle
33.885387,33.113914,monkey,patch_shuffle
-45.193386,7.1005483,ship,patch_shuffle
-57.172546,5.5284686,ship,patch_shuffle
-47.60802,-14.500255,truck,patch_shuffle
26.236143,-12.449795,dog,patch_shuffle
-17.786871,28.678135,airplane,patch_shuffle
54.96808,9.491306,cat,patch_shuffle
56.991222,-17.430016,cat,patch_shuffle
-36.818867,-1.7705338,airplane,patch_shuffle
-28.333326,-41.090977,car,patch_shuffle
-29.513996,-1.2378323,bird,patch_shuffle
8.157031,55.21934,bird,patch_shuffle
0.9603285,54.983402,bird,patch_shuffle
34.712627,34.51494,monkey,patch_shuffle
5.028122,33.0093,bird,patch_shuffle
28.500544,46.00327,monkey,patch_shuffle
19.38197,-31.794025,horse,patch_shuffle
11.231944,-28.127712,horse,patch_shuffle
7.683202,-27.02821,horse,patch_shuffle
37.873432,5.600133,dog,patch_shuffle
8.171731,-34.63867,horse,patch_shuffle
-27.849463,-24.592886,car,patch_shuffle
27.752632,-38.688374,horse,patch_shuffle
-30.618952,11.422161,airplane,patch_shuffle
29.329102,-34.019676,horse,patch_shuffle
-52.88561,16.039642,ship,patch_shuffle
-28.467299,11.855086,airplane,patch_shuffle
-26.135729,32.471596,airplane,patch_shuffle
-57.3815,9.252538,ship,patch_shuffle
30.162773,-36.940792,deer,patch_shuffle
32.104847,-9.191235,dog,patch_shuffle
-43.423862,-28.072327,truck,patch_shuffle
40.422302,-27.250772,deer,patch_shuffle
63.38204,-0.16028765,cat,patch_shuffle
53.474064,4.7632184,cat,patch_shuffle
-29.738014,-28.926025,car,patch_shuffle
-42.371967,9.232147,ship,patch_shuffle
28.764084,22.549927,monkey,patch_shuffle
0.52080214,-31.380175,horse,patch_shuffle
9.991014,-38.732533,horse,patch_shuffle
-33.072212,-29.964794,car,patch_shuffle
22.285868,34.649906,monkey,patch_shuffle
6.4420094,53.36013,bird,patch_shuffle
-41.346718,-16.52684,truck,patch_shuffle
5.7400565,-29.36346,horse,patch_shuffle
-41.89318,7.620667,airplane,patch_shuffle
-39.722683,-26.344158,truck,patch_shuffle
55.477776,6.0596004,cat,patch_shuffle
-18.007992,26.931059,airplane,patch_shuffle
-49.879074,28.49233,ship,patch_shuffle
31.09155,33.905922,monkey,patch_shuffle
4.446196,45.928944,bird,patch_shuffle
-47.499996,4.210301,ship,patch_shuffle
-25.66436,-25.882587,car,patch_shuffle
19.635239,-20.657532,deer,patch_shuffle
-30.871305,-25.596123,car,patch_shuffle
-36.27196,12.370305,airplane,patch_shuffle
22.068525,4.4546947,dog,patch_shuffle
0.08673787,-27.22206,horse,patch_shuffle
-47.06849,-14.5423,truck,patch_shuffle
-31.343649,24.818483,airplane,patch_shuffle
39.85823,-36.20259,deer,patch_shuffle
-29.242954,-25.303564,car,patch_shuffle
59.279343,4.6603274,cat,patch_shuffle
-36.355846,-11.862103,truck,patch_shuffle
11.188521,-35.84113,horse,patch_shuffle
21.678362,-27.477648,horse,patch_shuffle
28.921366,1.0516672,dog,patch_shuffle
40.134056,4.770534,cat,patch_shuffle
-29.819845,-27.399805,car,patch_shuffle
-39.629612,-15.245619,car,patch_shuffle
-31.670977,-26.221575,car,patch_shuffle
51.275906,-19.190533,cat,patch_shuffle
15.207102,0.96203583,dog,patch_shuffle
-52.61958,25.025406,ship,patch_shuffle
19.508049,-2.8079588,dog,patch_shuffle
51.82393,1.496185,cat,patch_shuffle
-47.04902,-25.739454,truck,patch_shuffle
24.66007,42.600624,monkey,patch_shuffle
31.3755,-21.533321,deer,patch_shuffle
-28.921227,16.241152,airplane,patch_shuffle
-34.98587,-32.62144,car,patch_shuffle
-39.580944,-26.036524,truck,patch_shuffle
-24.216625,-21.825834,car,patch_shuffle
-40.25991,9.660993,ship,patch_shuffle
23.110907,-20.069098,dog,patch_shuffle
-55.39698,13.350531,ship,patch_shuffle
15.2700405,-34.979397,horse,patch_shuffle
12.433448,-38.16773,horse,patch_shuffle
41.293293,-20.166733,deer,patch_shuffle
37.98802,-8.633238,dog,patch_shuffle
14.076394,1.3539276,dog,patch_shuffle
1.4960338,-24.00224,horse,patch_shuffle
-30.744366,-25.070782,car,patch_shuffle
49.77396,3.516313,cat,patch_shuffle
-32.58157,-25.673603,car,patch_shuffle
11.347819,48.148407,bird,patch_shuffle
24.676455,39.394527,monkey,patch_shuffle
3.2484763,-28.75287,horse,patch_shuffle
43.8235,-14.971138,deer,patch_shuffle
-29.383406,-30.373198,car,patch_shuffle
7.068996,56.52844,bird,patch_shuffle
13.648903,-37.927387,horse,patch_shuffle
61.889797,-2.715696,cat,patch_shuffle
-49.52668,10.179326,ship,patch_shuffle
0.70498276,48.38588,bird,patch_shuffle
-51.0977,23.803493,ship,patch_shuffle
37.713654,-36.667076,deer,patch_shuffle
42.390087,-18.629906,deer,patch_shuffle
5.191472,50.38783,bird,patch_shuffle
-25.628988,-30.98252,car,patch_shuffle
-22.828108,16.082357,airplane,patch_shuffle
37.151215,18.776096,monkey,patch_shuffle
38.608425,-38.92929,deer,patch_shuffle
-50.577534,22.368431,ship,patch_shuffle
0.7741332,-29.352444,horse,patch_shuffle
-2.0330338,-25.237982,horse,patch_shuffle
23.382483,3.4907522,dog,patch_shuffle
15.667582,-18.875431,dog,patch_shuffle
33.84978,-36.178654,deer,patch_shuffle
-16.053152,-33.698616,car,patch_shuffle
35.954834,-34.94071,deer,patch_shuffle
-7.389678,42.352955,bird,patch_shuffle
-32.549427,-25.560385,truck,patch_shuffle
-46.83976,-14.483949,truck,patch_shuffle
-25.132193,27.785572,airplane,patch_shuffle
-28.14279,-31.26329,car,patch_shuffle
22.257238,44.0091,monkey,patch_shuffle
37.47216,20.233501,monkey,patch_shuffle
63.2588,-1.0561786,cat,patch_shuffle
-30.914536,-29.791666,car,patch_shuffle
57.67067,-7.5841618,cat,patch_shuffle
9.767807,-1.5667988,dog,patch_shuffle
13.911918,-7.634467,dog,patch_shuffle
-30.202682,29.959793,airplane,patch_shuffle
60.605946,-4.113151,cat,patch_shuffle
36.950977,-21.763212,deer,patch_shuffle
4.932381,53.121456,bird,patch_shuffle
-26.98529,-19.648916,car,patch_shuffle
56.668972,-12.629825,cat,patch_shuffle
-50.74173,-14.725927,truck,patch_shuffle
-22.994364,21.323587,airplane,patch_shuffle
-49.583637,27.689249,ship,patch_shuffle
-0.285299,46.593906,bird,patch_shuffle
11.422805,-39.44691,horse,patch_shuffle
-39.60685,7.371367,ship,patch_shuffle
-16.660145,22.536392,airplane,patch_shuffle
-21.712017,33.073517,airplane,patch_shuffle
7.604018,50.61313,bird,patch_shuffle
4.693298,58.818386,bird,patch_shuffle
-40.178783,12.074773,airplane,patch_shuffle
16.422205,-27.767277,horse,patch_shuffle
13.6532755,2.8685381,dog,patch_shuffle
42.593815,-33.56402,deer,patch_shuffle
-30.524014,-30.625063,car,patch_shuffle
-20.720636,-36.016426,car,patch_shuffle
-19.6075,28.379122,airplane,patch_shuffle
28.929213,44.92436,monkey,patch_shuffle
-57.652653,8.0218525,ship,patch_shuffle
-45.450066,-29.827564,truck,patch_shuffle
10.485414,-14.8404,dog,patch_shuffle
62.371506,-4.105372,cat,patch_shuffle
-21.275734,32.47112,airplane,patch_shuffle
29.702845,20.098589,monkey,patch_shuffle
-45.45608,-14.312853,truck,patch_shuffle
5.5824337,43.72866,bird,patch_shuffle
-38.80746,15.185122,airplane,patch_shuffle
30.578716,-42.778973,deer,patch_shuffle
41.829643,-31.949045,deer,patch_shuffle
6.591045,32.561604,bird,patch_shuffle
26.152494,-26.072271,horse,patch_shuffle
31.921743,33.466927,monkey,patch_shuffle
-44.135567,-24.566847,truck,patch_shuffle
-50.283627,-30.149633,truck,patch_shuffle
-35.369858,14.7290745,ship,patch_shuffle
-38.380013,-26.741852,car,patch_shuffle
49.28917,3.2749872,cat,patch_shuffle
-46.160686,-30.849941,truck,patch_shuffle
42.8502,-30.77126,deer,patch_shuffle
32.192215,-35.99439,deer,patch_shuffle
-18.33885,24.556223,airplane,patch_shuffle
-50.315994,-12.257214,truck,patch_shuffle
-23.900242,26.98484,airplane,patch_shuffle
22.69898,35.36243,monkey,patch_shuffle
57.391872,-4.682545,cat,patch_shuffle
-31.931435,-12.076271,truck,patch_shuffle
35.973267,-30.209673,deer,patch_shuffle
-7.4012003,57.71808,bird,patch_shuffle
-46.264153,15.167501,ship,patch_shuffle
26.210518,-16.602943,horse,patch_shuffle
25.908606,16.61461,monkey,patch_shuffle
10.431039,-36.847443,horse,patch_shuffle
-43.416832,5.990381,truck,patch_shuffle
-0.04405075,-20.429401,horse,patch_shuffle
56.489975,-16.395658,cat,patch_shuffle
-53.54163,26.972267,ship,patch_shuffle
-49.961193,25.606682,ship,patch_shuffle
-2.179907,48.753067,bird,patch_shuffle
26.950497,44.99425,monkey,patch_shuffle
-51.483383,-10.827871,truck,patch_shuffle
43.355213,-19.940212,cat,patch_shuffle
13.660913,-7.818405,dog,patch_shuffle
29.103294,-1.0862259,dog,patch_shuffle
25.850151,16.30385,cat,patch_shuffle
44.27251,-15.047512,cat,patch_shuffle
-49.486824,-32.13519,truck,patch_shuffle
4.7870207,24.454424,bird,patch_shuffle
37.146275,20.606056,monkey,patch_shuffle
48.95891,-16.905067,cat,patch_shuffle
-5.8241096,-23.187387,car,patch_shuffle
8.317312,45.818153,bird,patch_shuffle
13.0283,11.778125,dog,patch_shuffle
28.773312,-9.94877,dog,patch_shuffle
25.154394,30.232248,monkey,patch_shuffle
-0.45340085,38.760002,bird,patch_shuffle
41.313213,33.014317,monkey,patch_shuffle
56.23676,-7.393991,cat,patch_shuffle
-15.687055,27.65563,airplane,patch_shuffle
8.199968,-29.332733,horse,patch_shuffle
-48.965397,7.6026797,ship,patch_shuffle
61.107746,-2.6463315,cat,patch_shuffle
25.463844,3.0202472,dog,patch_shuffle
-6.971268,-17.112923,airplane,patch_shuffle
-15.124388,22.24142,airplane,patch_shuffle
45.080166,-30.109215,deer,patch_shuffle
-26.731623,24.078201,airplane,patch_shuffle
-31.509655,-27.308825,car,patch_shuffle
17.816673,-25.31994,horse,patch_shuffle
32.51987,33.759254,monkey,patch_shuffle
-33.458546,-27.311161,truck,patch_shuffle
23.782694,5.6237197,dog,patch_shuffle
-43.636654,16.83571,ship,patch_shuffle
33.595474,29.321915,monkey,patch_shuffle
-58.246964,-9.01277,truck,patch_shuffle
27.228188,45.272224,monkey,patch_shuffle
-41.242653,-28.03536,truck,patch_shuffle
10.553087,-39.52062,horse,patch_shuffle
-20.534876,24.786608,airplane,patch_shuffle
-45.956596,12.867964,ship,patch_shuffle
-4.1588964,-28.236078,horse,patch_shuffle
27.00559,-8.729119,dog,patch_shuffle
38.148468,3.4540248,dog,patch_shuffle
2.1915772,49.956863,bird,patch_shuffle
38.180885,-23.500717,deer,patch_shuffle
36.03488,-25.188633,deer,patch_shuffle
-27.389685,30.305573,airplane,patch_shuffle
28.486212,38.661327,monkey,patch_shuffle
53.747726,-7.7193027,cat,patch_shuffle
-48.27091,-14.01046,truck,patch_shuffle
40.516594,-20.19287,horse,patch_shuffle
33.25583,-24.691364,deer,patch_shuffle
37.805733,21.09245,monkey,patch_shuffle
-54.71317,-8.108682,truck,patch_shuffle
-61.93974,11.897876,ship,patch_shuffle
-39.9492,-15.129932,truck,patch_shuffle
-49.916027,-28.87059,truck,patch_shuffle
18.123941,35.832603,bird,patch_shuffle
-48.14655,7.9562106,ship,patch_shuffle
-28.470312,-25.177334,car,patch_shuffle
34.769062,-40.874466,deer,patch_shuffle
-49.2467,6.7034774,ship,patch_shuffle
-31.2346,-32.195297,car,patch_shuffle
-4.496508,-22.556871,horse,patch_shuffle
