content_idx,style_idx,shape_label,texture_label,pair,direction,edge_corr,gray_std,sat_frac,closer_to_style,reject_reasons,valid,keep,shape_class,texture_class
459,47,0,6,airplane/horse,A_shape_B_texture,0.524194061756134,0.2557964026927948,0.004264987073838711,True,[],True,True,airplane,horse
282,329,0,6,airplane/horse,A_shape_B_texture,0.40008363127708435,0.2866724729537964,0.001474808668717742,True,[],True,True,airplane,horse
183,173,0,6,airplane/horse,A_shape_B_texture,0.534807026386261,0.17824384570121765,0.008290816098451614,True,[],True,True,airplane,horse
245,203,0,6,airplane/horse,A_shape_B_texture,0.6552257537841797,0.24087387323379517,0.0359933041036129,True,[],True,True,airplane,horse
399,259,0,6,airplane/horse,A_shape_B_texture,0.5147178173065186,0.1922636330127716,0.04940608888864517,True,[],True,True,airplane,horse
460,21,0,6,airplane/horse,A_shape_B_texture,0.7180715203285217,0.2048112452030182,0.03140943869948387,True,[],True,True,airplane,horse
201,428,0,6,airplane/horse,A_shape_B_texture,0.6066552996635437,0.21372361481189728,0.09283322840929031,True,[],True,True,airplane,horse
45,335,0,6,airplane/horse,A_shape_B_texture,0.6226909756660461,0.22195707261562347,0.001494738506153226,True,[],True,True,airplane,horse
482,388,0,6,airplane/horse,A_shape_B_texture,0.7092980146408081,0.17335553467273712,1.992984653043095e-05,True,[],True,True,airplane,horse
293,486,0,6,airplane/horse,A_shape_B_texture,0.6833015084266663,0.20785072445869446,0.000737404334358871,True,[],True,True,airplane,horse
242,123,0,6,airplane/horse,A_shape_B_texture,0.3073533773422241,0.2511548399925232,0.005739795975387096,True,[],True,True,airplane,horse
362,426,0,6,airplane/horse,A_shape_B_texture,0.41034555435180664,0.21531572937965393,0.0726841539144516,True,[],True,True,airplane,horse
474,324,0,6,airplane/horse,A_shape_B_texture,0.37913352251052856,0.24839913845062256,0.024314412847161293,True,[],True,True,airplane,horse
167,464,0,6,airplane/horse,A_shape_B_texture,0.589508593082428,0.18046900629997253,0.0,True,[],True,True,airplane,horse
317,114,0,6,airplane/horse,A_shape_B_texture,0.6523167490959167,0.18822388350963593,0.004125478211790323,True,[],True,True,airplane,horse
264,275,0,6,airplane/horse,A_shape_B_texture,0.5638594627380371,0.1783195436000824,0.01897321455180645,True,[],True,True,airplane,horse
126,473,0,6,airplane/horse,A_shape_B_texture,0.5326131582260132,0.2479443997144699,0.0011360013158991933,True,[],True,True,airplane,horse
199,261,0,6,airplane/horse,A_shape_B_texture,0.5204869508743286,0.16039486229419708,0.001434948993846774,True,[],True,True,airplane,horse
378,112,0,6,airplane/horse,A_shape_B_texture,0.5738580226898193,0.2300613820552826,0.013173628598451614,True,[],True,True,airplane,horse
89,219,0,6,airplane/horse,A_shape_B_texture,0.45026955008506775,0.286937415599823,0.1584024280309677,True,[],True,True,airplane,horse
0,159,0,6,airplane/horse,A_shape_B_texture,0.7413302659988403,0.1377413123846054,0.0,True,[],True,True,airplane,horse
91,353,0,6,airplane/horse,A_shape_B_texture,0.4398283362388611,0.1921912282705307,0.04005899280309677,True,[],True,True,airplane,horse
297,276,0,6,airplane/horse,A_shape_B_texture,0.6975663304328918,0.1972348690032959,0.0005978954141028225,True,[],True,True,airplane,horse
208,381,0,6,airplane/horse,A_shape_B_texture,0.5752377510070801,0.1805264949798584,0.0010961415246129036,True,[],True,True,airplane,horse
462,209,0,6,airplane/horse,A_shape_B_texture,0.5587062835693359,0.3660810887813568,0.2503587305545807,True,[],True,True,airplane,horse
403,295,0,6,airplane/horse,A_shape_B_texture,0.6283485889434814,0.2850571870803833,0.05562420189380646,True,[],True,False,airplane,horse
228,455,0,6,airplane/horse,A_shape_B_texture,0.5072347521781921,0.22331345081329346,0.012954400852322578,True,[],True,False,airplane,horse
417,107,0,6,airplane/horse,A_shape_B_texture,0.5255839824676514,0.22216913104057312,0.009466676972806454,True,[],True,False,airplane,horse
146,325,0,6,airplane/horse,A_shape_B_texture,0.5685048699378967,0.21137619018554688,0.0017538265092298388,True,[],True,False,airplane,horse
54,281,0,6,airplane/horse,A_shape_B_texture,0.5118301510810852,0.19967055320739746,5.9789541410282254e-05,True,[],True,False,airplane,horse
285,352,0,6,airplane/horse,A_shape_B_texture,0.47896280884742737,0.24111923575401306,0.019750477746129036,True,[],True,False,airplane,horse
229,253,0,6,airplane/horse,A_shape_B_texture,0.5958261489868164,0.18031348288059235,3.98596930608619e-05,True,[],True,False,airplane,horse
348,43,0,6,airplane/horse,A_shape_B_texture,0.42150062322616577,0.2801195979118347,0.05179767310619354,True,[],True,False,airplane,horse
384,196,0,6,airplane/horse,A_shape_B_texture,0.7205288410186768,0.2461315244436264,0.054348692297935486,True,[],True,False,airplane,horse
185,255,0,6,airplane/horse,A_shape_B_texture,0.6818282604217529,0.24907542765140533,0.023676658049225807,True,[],True,False,airplane,horse
383,192,0,6,airplane/horse,A_shape_B_texture,0.3715322017669678,0.25192734599113464,0.03876355290412903,True,[],True,False,airplane,horse
181,430,0,6,airplane/horse,A_shape_B_texture,0.7223331332206726,0.26183971762657166,0.00047831633128225803,True,[],True,False,airplane,horse
263,257,0,6,airplane/horse,A_shape_B_texture,0.6075226068496704,0.1320028454065323,0.003447863506153226,True,[],True,False,airplane,horse
15,179,0,6,airplane/horse,A_shape_B_texture,0.7193979620933533,0.13360238075256348,0.0,True,[],True,False,airplane,horse
260,302,0,6,airplane/horse,A_shape_B_texture,0.6432009339332581,0.20173977315425873,0.0010961415246129036,True,[],True,False,airplane,horse
329,403,6,0,airplane/horse,B_shape_A_texture,0.6221451759338379,0.18777982890605927,0.0,True,[],True,True,horse,airplane
276,482,6,0,airplane/horse,B_shape_A_texture,0.6783203482627869,0.13318558037281036,0.026187818497419357,True,[],True,True,horse,airplane
335,181,6,0,airplane/horse,B_shape_A_texture,0.482637494802475,0.27034056186676025,0.0030094068497419357,True,[],True,True,horse,airplane
230,22,6,0,airplane/horse,B_shape_A_texture,0.6394941806793213,0.21536464989185333,0.00249123084358871,True,[],True,True,horse,airplane
353,317,6,0,airplane/horse,B_shape_A_texture,0.46323680877685547,0.15571685135364532,0.0,True,[],True,True,horse,airplane
428,460,6,0,airplane/horse,B_shape_A_texture,0.5585663914680481,0.1853245347738266,1.992984653043095e-05,False,['style_lost'],False,False,horse,airplane
352,393,6,0,airplane/horse,B_shape_A_texture,0.4997251629829407,0.17108218371868134,0.0003388074110262096,True,[],True,True,horse,airplane
302,285,6,0,airplane/horse,B_shape_A_texture,0.7186731696128845,0.15993759036064148,0.0,True,[],True,True,horse,airplane
179,384,6,0,airplane/horse,B_shape_A_texture,0.6497172713279724,0.07526511698961258,0.0,True,[],True,True,horse,airplane
259,387,6,0,airplane/horse,B_shape_A_texture,0.5380637049674988,0.14528311789035797,0.0006576849264092743,True,[],True,True,horse,airplane
209,371,6,0,airplane/horse,B_shape_A_texture,0.5148479342460632,0.2588963210582733,0.0012954400153830647,True,[],True,True,horse,airplane
123,208,6,0,airplane/horse,B_shape_A_texture,0.6946995854377747,0.18677452206611633,0.0,True,[],True,True,horse,airplane
473,101,6,0,airplane/horse,B_shape_A_texture,0.7411942481994629,0.26499372720718384,0.00013950893480796367,False,['style_lost'],False,False,horse,airplane
43,297,6,0,airplane/horse,B_shape_A_texture,0.6075528264045715,0.21512463688850403,0.0,True,[],True,True,horse,airplane
203,348,6,0,airplane/horse,B_shape_A_texture,0.6792089343070984,0.1624116748571396,0.0030891261994838715,True,[],True,True,horse,airplane
281,462,6,0,airplane/horse,B_shape_A_texture,0.6845921277999878,0.23639315366744995,0.0,True,[],True,True,horse,airplane
381,399,6,0,airplane/horse,B_shape_A_texture,0.7433406710624695,0.06882274150848389,0.0,True,[],True,True,horse,airplane
430,167,6,0,airplane/horse,B_shape_A_texture,0.7671353220939636,0.2538440525531769,0.0006178252515383065,True,[],True,True,horse,airplane
388,199,6,0,airplane/horse,B_shape_A_texture,0.5709159970283508,0.23624387383460999,0.004942602012306452,True,[],True,True,horse,airplane
476,454,6,0,airplane/horse,B_shape_A_texture,0.5077953934669495,0.20582281053066254,0.0,True,[],True,True,horse,airplane
486,242,6,0,airplane/horse,B_shape_A_texture,0.7291946411132812,0.27303546667099,0.007513552438467741,True,[],True,True,horse,airplane
47,264,6,0,airplane/horse,B_shape_A_texture,0.5617719292640686,0.14704611897468567,0.0,True,[],True,True,horse,airplane
21,0,6,0,airplane/horse,B_shape_A_texture,0.7000517845153809,0.14231805503368378,0.0,True,[],True,True,horse,airplane
261,54,6,0,airplane/horse,B_shape_A_texture,0.5584439635276794,0.1708657145500183,0.0012755101779475808,True,[],True,True,horse,airplane
303,229,6,0,airplane/horse,B_shape_A_texture,0.6970804333686829,0.26409927010536194,0.000996492337435484,False,['style_lost'],False,False,horse,airplane
339,201,6,0,airplane/horse,B_shape_A_texture,0.5718160271644592,0.22533144056797028,7.97193861217238e-05,True,[],True,True,horse,airplane
112,146,6,0,airplane/horse,B_shape_A_texture,0.6633261442184448,0.131282240152359,0.0,True,[],True,True,horse,airplane
407,263,6,0,airplane/horse,B_shape_A_texture,0.7499894499778748,0.11949238926172256,0.0,True,[],True,True,horse,airplane
196,126,6,0,airplane/horse,B_shape_A_texture,0.7214646339416504,0.20965664088726044,0.0010562818497419357,True,[],True,False,horse,airplane
219,50,6,0,airplane/horse,B_shape_A_texture,0.3702701926231384,0.22535574436187744,0.0,True,[],True,False,horse,airplane
324,91,6,0,airplane/horse,B_shape_A_texture,0.3875773251056671,0.1114373728632927,0.0,True,[],True,False,horse,airplane
426,362,6,0,airplane/horse,B_shape_A_texture,0.5692223310470581,0.1523342728614807,0.0032087054569274187,True,[],True,False,horse,airplane
114,419,6,0,airplane/horse,B_shape_A_texture,0.5105293989181519,0.17034170031547546,0.04195232689380646,True,[],True,False,horse,airplane
107,185,6,0,airplane/horse,B_shape_A_texture,0.5951201319694519,0.14591965079307556,0.00019929847621824592,True,[],True,False,horse,airplane
19,228,6,0,airplane/horse,B_shape_A_texture,0.6450822353363037,0.1565425843000412,7.97193861217238e-05,True,[],True,False,horse,airplane
255,293,6,0,airplane/horse,B_shape_A_texture,0.5431423187255859,0.13171860575675964,0.0,True,[],True,False,horse,airplane
173,260,6,0,airplane/horse,B_shape_A_texture,0.5936293005943298,0.1828346997499466,0.0,True,[],True,False,horse,airplane
192,474,6,0,airplane/horse,B_shape_A_texture,0.4840928912162781,0.12350539118051529,0.0,True,[],True,False,horse,airplane
325,41,6,0,airplane/horse,B_shape_A_texture,0.7189767360687256,0.2697947323322296,0.0,True,[],True,False,horse,airplane
295,282,6,0,airplane/horse,B_shape_A_texture,0.6842353940010071,0.26956623792648315,0.05891262739896774,True,[],True,False,horse,airplane
288,258,1,2,bird/car,A_shape_B_texture,0.6118143200874329,0.19289004802703857,0.0,True,[],True,True,bird,car
479,97,1,2,bird/car,A_shape_B_texture,0.5303630828857422,0.18462686240673065,0.01054288912564516,True,[],True,True,bird,car
493,320,1,2,bird/car,A_shape_B_texture,0.3489927053451538,0.17127126455307007,0.03099091164767742,True,[],True,True,bird,car
380,495,1,2,bird/car,A_shape_B_texture,0.48225921392440796,0.243891179561615,0.05486686900258064,True,[],True,True,bird,car
121,59,1,2,bird/car,A_shape_B_texture,0.5354388952255249,0.15179915726184845,0.0,True,[],True,True,bird,car
147,187,1,2,bird/car,A_shape_B_texture,0.5485222935676575,0.2950481176376343,0.034119896590709686,True,[],True,True,bird,car
443,213,1,2,bird/car,A_shape_B_texture,0.2914983630180359,0.23264531791210175,0.04649633169174194,True,[],True,True,bird,car
359,463,1,2,bird/car,A_shape_B_texture,0.5555508732795715,0.24957804381847382,0.02899792790412903,True,[],True,True,bird,car
338,103,1,2,bird/car,A_shape_B_texture,0.632854700088501,0.2939346432685852,0.1018415167927742,True,[],True,True,bird,car
251,292,1,2,bird/car,A_shape_B_texture,0.5961489677429199,0.25034502148628235,0.036910075694322586,True,[],True,True,bird,car
58,412,1,2,bird/car,A_shape_B_texture,0.4646837115287781,0.2011866718530655,0.030492665246129036,True,[],True,True,bird,car
9,246,1,2,bird/car,A_shape_B_texture,0.5296986699104309,0.31098300218582153,0.14028619229793549,True,[],True,True,bird,car
249,392,1,2,bird/car,A_shape_B_texture,0.7226687073707581,0.24375806748867035,0.001494738506153226,True,[],True,True,bird,car
152,49,1,2,bird/car,A_shape_B_texture,0.5833276510238647,0.21574519574642181,0.0006377550889737904,True,[],True,True,bird,car
374,227,1,2,bird/car,A_shape_B_texture,0.38089612126350403,0.21932554244995117,0.010562818497419357,True,[],True,True,bird,car
87,60,1,2,bird/car,A_shape_B_texture,0.3836658000946045,0.2303958386182785,0.032724808901548386,True,[],True,True,bird,car
20,144,1,2,bird/car,A_shape_B_texture,0.34869152307510376,0.18764732778072357,0.03513631969690323,True,[],True,True,bird,car
406,142,1,2,bird/car,A_shape_B_texture,0.5469617247581482,0.14818863570690155,0.0005779655766673386,True,[],True,True,bird,car
94,375,1,2,bird/car,A_shape_B_texture,0.5291258096694946,0.21899746358394623,0.0037268814630806446,True,[],True,True,bird,car
116,290,1,2,bird/car,A_shape_B_texture,0.638518214225769,0.25626954436302185,0.03421954810619354,False,['style_lost'],False,False,bird,car
67,498,1,2,bird/car,A_shape_B_texture,0.5425071120262146,0.2903324067592621,0.055185746401548386,True,[],True,True,bird,car
424,70,1,2,bird/car,A_shape_B_texture,0.6260149478912354,0.2039823979139328,0.01853475719690323,True,[],True,True,bird,car
434,210,1,2,bird/car,A_shape_B_texture,0.6514373421669006,0.18784254789352417,0.0022720026317983866,True,[],True,True,bird,car
172,307,1,2,bird/car,A_shape_B_texture,0.6251558065414429,0.23095330595970154,0.009586255997419357,True,[],True,True,bird,car
122,10,1,2,bird/car,A_shape_B_texture,0.5969071388244629,0.2789403796195984,0.01578443869948387,True,[],True,True,bird,car
248,277,1,2,bird/car,A_shape_B_texture,0.7394188046455383,0.2555833160877228,0.01897321455180645,True,[],True,True,bird,car
13,391,1,2,bird/car,A_shape_B_texture,0.47038236260414124,0.1829081028699875,0.008270886726677418,True,[],True,False,bird,car
42,347,1,2,bird/car,A_shape_B_texture,0.5154258012771606,0.3041386902332306,0.04336734861135483,True,[],True,False,bird,car
234,299,1,2,bird/car,A_shape_B_texture,0.6742303967475891,0.2552167773246765,0.014050542376935482,True,[],True,False,bird,car
108,308,1,2,bird/car,A_shape_B_texture,0.4223844110965729,0.2249579280614853,0.030512595549225807,True,[],True,False,bird,car
16,363,1,2,bird/car,A_shape_B_texture,0.6557181477546692,0.1588708460330963,0.0010164221748709679,True,[],True,False,bird,car
346,134,1,2,bird/car,A_shape_B_texture,0.6188414096832275,0.20280449092388153,0.0385044626891613,True,[],True,False,bird,car
93,306,1,2,bird/car,A_shape_B_texture,0.6159859895706177,0.30488070845603943,0.020129146054387093,True,[],True,False,bird,car
68,98,1,2,bird/car,A_shape_B_texture,0.5150861144065857,0.1359114646911621,0.06196189299225807,True,[],True,False,bird,car
279,204,1,2,bird/car,A_shape_B_texture,0.5000209212303162,0.23140496015548706,0.009925063699483871,True,[],True,False,bird,car
52,153,1,2,bird/car,A_shape_B_texture,0.5125928521156311,0.3228331506252289,0.02008928544819355,True,[],True,False,bird,car
171,216,1,2,bird/car,A_shape_B_texture,0.6959753036499023,0.27191728353500366,0.04215162619948387,True,[],True,False,bird,car
3,76,1,2,bird/car,A_shape_B_texture,0.5910123586654663,0.163582906126976,0.01911272294819355,True,[],True,False,bird,car
451,318,1,2,bird/car,A_shape_B_texture,0.5596398711204529,0.1955663114786148,0.0009367028251290321,True,[],True,False,bird,car
385,357,1,2,bird/car,A_shape_B_texture,0.6113167405128479,0.28111952543258667,0.04669563099741936,True,[],True,False,bird,car
320,359,2,1,bird/car,B_shape_A_texture,0.3718281686306,0.1615023910999298,0.0,True,[],True,True,car,bird
357,116,2,1,bird/car,B_shape_A_texture,0.48106566071510315,0.29607734084129333,0.00017936862423084676,True,[],True,True,car,bird
277,152,2,1,bird/car,B_shape_A_texture,0.49829426407814026,0.12229417264461517,0.0,True,[],True,True,car,bird
307,386,2,1,bird/car,B_shape_A_texture,0.46629706025123596,0.22874455153942108,0.0,True,[],True,True,car,bird
306,3,2,1,bird/car,B_shape_A_texture,0.49703577160835266,0.290621817111969,0.0,True,[],True,True,car,bird
142,249,2,1,bird/car,B_shape_A_texture,0.5098551511764526,0.16344964504241943,0.0,True,[],True,True,car,bird
337,402,2,1,bird/car,B_shape_A_texture,0.4632951021194458,0.21655644476413727,0.010722257196903229,True,[],True,True,car,bird
97,279,2,1,bird/car,B_shape_A_texture,0.3904466927051544,0.21803806722164154,0.0012954400153830647,True,[],True,True,car,bird
332,342,2,1,bird/car,B_shape_A_texture,0.5169788002967834,0.15823456645011902,0.0,True,[],True,True,car,bird
98,251,2,1,bird/car,B_shape_A_texture,0.42277559638023376,0.2077437788248062,0.0026307397056370974,True,[],True,True,car,bird
463,20,2,1,bird/car,B_shape_A_texture,0.5087955594062805,0.18480423092842102,0.0,True,[],True,True,car,bird
213,42,2,1,bird/car,B_shape_A_texture,0.5076020359992981,0.26685768365859985,0.015465561300516129,True,[],True,True,car,bird
412,493,2,1,bird/car,B_shape_A_texture,0.37225455045700073,0.17853374779224396,0.0010363520123064518,True,[],True,True,car,bird
187,11,2,1,bird/car,B_shape_A_texture,0.4834553301334381,0.21315987408161163,0.0004583864938467741,True,[],True,True,car,bird
144,93,2,1,bird/car,B_shape_A_texture,0.3757949769496918,0.1897374987602234,0.00013950893480796367,True,[],True,True,car,bird
49,9,2,1,bird/car,B_shape_A_texture,0.6135807037353516,0.21281854808330536,0.0013352996902540326,True,[],True,True,car,bird
204,225,2,1,bird/car,B_shape_A_texture,0.43318161368370056,0.18718811869621277,0.0,True,[],True,True,car,bird
103,385,2,1,bird/car,B_shape_A_texture,0.6182287335395813,0.24058890342712402,0.0,True,[],True,True,car,bird
375,234,2,1,bird/car,B_shape_A_texture,0.46181240677833557,0.15089569985866547,3.98596930608619e-05,True,[],True,True,car,bird
330,451,2,1,bird/car,B_shape_A_texture,0.6023315191268921,0.14899371564388275,1.992984653043095e-05,True,[],True,True,car,bird
70,374,2,1,bird/car,B_shape_A_texture,0.38725465536117554,0.1895444691181183,0.0014150191564112902,True,[],True,True,car,bird
272,247,2,1,bird/car,B_shape_A_texture,0.4903698265552521,0.220381498336792,0.00013950893480796367,True,[],True,True,car,bird
10,13,2,1,bird/car,B_shape_A_texture,0.4824044406414032,0.2992754578590393,0.01979033835232258,False,['style_lost'],False,False,car,bird
363,434,2,1,bird/car,B_shape_A_texture,0.6889250874519348,0.24731284379959106,0.04452327638864517,True,[],True,True,car,bird
59,52,2,1,bird/car,B_shape_A_texture,0.740339994430542,0.2005462348461151,0.005560427438467741,True,[],True,True,car,bird
210,147,2,1,bird/car,B_shape_A_texture,0.6149795651435852,0.1752362996339798,0.0,True,[],True,True,car,bird
143,67,2,1,bird/car,B_shape_A_texture,0.7192468047142029,0.23181216418743134,5.9789541410282254e-05,True,[],True,False,car,bird
299,121,2,1,bird/car,B_shape_A_texture,0.6958519816398621,0.2460704743862152,0.001474808668717742,True,[],True,False,car,bird
246,406,2,1,bird/car,B_shape_A_texture,0.4979345500469208,0.25417283177375793,0.009825414977967739,True,[],True,False,car,bird
76,87,2,1,bird/car,B_shape_A_texture,0.32475191354751587,0.1606701761484146,0.003168845549225807,True,[],True,False,car,bird
391,346,2,1,bird/car,B_shape_A_texture,0.50638347864151,0.14650201797485352,0.0,True,[],True,False,car,bird
227,170,2,1,bird/car,B_shape_A_texture,0.6353845596313477,0.23645026981830597,0.0008968430920504034,True,[],True,False,car,bird
56,380,2,1,bird/car,B_shape_A_texture,0.51334547996521,0.20829655230045319,0.0,True,[],True,False,car,bird
308,338,2,1,bird/car,B_shape_A_texture,0.5066580176353455,0.17157065868377686,0.0,True,[],True,False,car,bird
446,85,2,1,bird/car,B_shape_A_texture,0.7278189659118652,0.18981686234474182,1.992984653043095e-05,True,[],True,False,car,bird
53,58,2,1,bird/car,B_shape_A_texture,0.4355105459690094,0.195135235786438,0.0,True,[],True,False,car,bird
60,108,2,1,bird/car,B_shape_A_texture,0.4441107511520386,0.14551979303359985,0.0,True,[],True,False,car,bird
318,479,2,1,bird/car,B_shape_A_texture,0.6585512161254883,0.18266600370407104,0.0,True,[],True,False,car,bird
292,447,2,1,bird/car,B_shape_A_texture,0.5194653868675232,0.18048563599586487,0.0,True,[],True,False,car,bird
258,443,2,1,bird/car,B_shape_A_texture,0.4402373433113098,0.2277318239212036,0.006098533049225807,True,[],True,False,car,bird
105,379,3,8,cat/ship,A_shape_B_texture,0.5979035496711731,0.24290671944618225,0.029635682702064514,True,[],True,True,cat,ship
132,494,3,8,cat/ship,A_shape_B_texture,0.7251805663108826,0.285260409116745,0.007932079024612904,True,[],True,True,cat,ship
331,395,3,8,cat/ship,A_shape_B_texture,0.5924314260482788,0.12371069937944412,0.0,True,[],True,True,cat,ship
244,99,3,8,cat/ship,A_shape_B_texture,0.7245030403137207,0.18147940933704376,0.00011957908282056451,True,[],True,True,cat,ship
243,232,3,8,cat/ship,A_shape_B_texture,0.7598432302474976,0.27945491671562195,0.004165337886661291,True,[],True,True,cat,ship
445,226,3,8,cat/ship,A_shape_B_texture,0.5861774682998657,0.18968702852725983,0.00019929847621824592,True,[],True,True,cat,ship
131,311,3,8,cat/ship,A_shape_B_texture,0.7584146857261658,0.12622401118278503,0.0006776148220524192,True,[],True,True,cat,ship
135,128,3,8,cat/ship,A_shape_B_texture,0.6092130541801453,0.1454838365316391,0.009526466950774193,True,[],True,True,cat,ship
398,341,3,8,cat/ship,A_shape_B_texture,0.5382564663887024,0.20734471082687378,0.0013352996902540326,True,[],True,True,cat,ship
38,343,3,8,cat/ship,A_shape_B_texture,0.6602392792701721,0.16778713464736938,0.0,True,[],True,True,cat,ship
78,178,3,8,cat/ship,A_shape_B_texture,0.6863073706626892,0.3030380606651306,0.002989477012306452,True,[],True,True,cat,ship
145,83,3,8,cat/ship,A_shape_B_texture,0.6810154914855957,0.27543264627456665,0.1423588991165161,True,[],True,True,cat,ship
376,29,3,8,cat/ship,A_shape_B_texture,0.5863820314407349,0.16744691133499146,0.0,True,[],True,True,cat,ship
441,149,3,8,cat/ship,A_shape_B_texture,0.24161653220653534,0.2485361546278,0.03364158049225807,True,[],True,True,cat,ship
7,151,3,8,cat/ship,A_shape_B_texture,0.7714451551437378,0.17843885719776154,0.0013751594815403223,True,[],True,True,cat,ship
235,411,3,8,cat/ship,A_shape_B_texture,0.3701538145542145,0.09741636365652084,0.0,True,[],True,True,cat,ship
340,35,3,8,cat/ship,A_shape_B_texture,0.6952841877937317,0.1566934585571289,0.00390625,True,[],True,True,cat,ship
372,289,3,8,cat/ship,A_shape_B_texture,0.48161277174949646,0.22554253041744232,0.0,True,[],True,True,cat,ship
313,239,3,8,cat/ship,A_shape_B_texture,0.6917071342468262,0.23766501247882843,0.0025111606810241938,True,[],True,True,cat,ship
80,18,3,8,cat/ship,A_shape_B_texture,0.6292359828948975,0.1343783289194107,0.0,True,[],True,True,cat,ship
74,433,3,8,cat/ship,A_shape_B_texture,0.40483081340789795,0.26150810718536377,0.0006377550889737904,True,[],True,True,cat,ship
484,115,3,8,cat/ship,A_shape_B_texture,0.8132105469703674,0.14396150410175323,0.0,True,[],True,True,cat,ship
440,262,3,8,cat/ship,A_shape_B_texture,0.6475171446800232,0.18982477486133575,0.0,True,[],True,True,cat,ship
180,104,3,8,cat/ship,A_shape_B_texture,0.5747694373130798,0.15969093143939972,0.0,True,[],True,True,cat,ship
366,286,3,8,cat/ship,A_shape_B_texture,0.45842400193214417,0.16845206916332245,0.00037866708589717746,True,[],True,True,cat,ship
413,456,3,8,cat/ship,A_shape_B_texture,0.7217817306518555,0.24742798507213593,0.007493622601032257,True,[],True,False,cat,ship
305,432,3,8,cat/ship,A_shape_B_texture,0.744562566280365,0.29576194286346436,0.03083147294819355,True,[],True,False,cat,ship
300,189,3,8,cat/ship,A_shape_B_texture,0.6970033645629883,0.31231755018234253,0.027722416445612907,True,[],True,False,cat,ship
368,26,3,8,cat/ship,A_shape_B_texture,0.5018483996391296,0.24288398027420044,0.017398755997419357,True,[],True,False,cat,ship
457,5,3,8,cat/ship,A_shape_B_texture,0.44210097193717957,0.20973080396652222,0.0,True,[],True,False,cat,ship
71,191,3,8,cat/ship,A_shape_B_texture,0.597604513168335,0.3160358667373657,0.03364158049225807,True,[],True,False,cat,ship
437,238,3,8,cat/ship,A_shape_B_texture,0.4618520438671112,0.22118975222110748,0.00013950893480796367,True,[],True,False,cat,ship
193,382,3,8,cat/ship,A_shape_B_texture,0.7569981813430786,0.3266089856624603,0.11170679330825806,True,[],True,False,cat,ship
284,351,3,8,cat/ship,A_shape_B_texture,0.6636266112327576,0.22859683632850647,0.0004583864938467741,True,[],True,False,cat,ship
200,207,3,8,cat/ship,A_shape_B_texture,0.8618062138557434,0.3080451786518097,0.018734056502580643,True,[],True,False,cat,ship
271,157,3,8,cat/ship,A_shape_B_texture,0.6167281270027161,0.20839755237102509,0.005082110874354839,True,[],True,False,cat,ship
270,195,3,8,cat/ship,A_shape_B_texture,0.3393477201461792,0.2217048555612564,3.98596930608619e-05,True,[],True,False,cat,ship
84,224,3,8,cat/ship,A_shape_B_texture,0.7129476070404053,0.13059289753437042,0.0,True,[],True,False,cat,ship
96,497,3,8,cat/ship,A_shape_B_texture,0.45129090547561646,0.193032905459404,0.00013950893480796367,True,[],True,False,cat,ship
309,468,3,8,cat/ship,A_shape_B_texture,0.7247892618179321,0.2687819302082062,0.03991948440670967,True,[],True,False,cat,ship
115,193,8,3,cat/ship,B_shape_A_texture,0.7891308069229126,0.19041864573955536,0.0026705993805080652,True,[],True,True,ship,cat
18,243,8,3,cat/ship,B_shape_A_texture,0.49844637513160706,0.21863044798374176,0.0022720026317983866,True,[],True,True,ship,cat
286,309,8,3,cat/ship,B_shape_A_texture,0.413435697555542,0.15779361128807068,0.0,True,[],True,True,ship,cat
149,437,8,3,cat/ship,B_shape_A_texture,0.44459784030914307,0.14837898313999176,0.0,True,[],True,True,ship,cat
25,84,8,3,cat/ship,B_shape_A_texture,0.45864325761795044,0.19014972448349,0.00019929847621824592,True,[],True,True,ship,cat
494,61,8,3,cat/ship,B_shape_A_texture,0.6193773150444031,0.20909003913402557,0.0007971939048729837,True,[],True,True,ship,cat
273,105,8,3,cat/ship,B_shape_A_texture,0.6810437440872192,0.13794665038585663,0.0012954400153830647,True,[],True,True,ship,cat
178,372,8,3,cat/ship,B_shape_A_texture,0.3839171528816223,0.18296392261981964,0.001235650503076613,True,[],True,True,ship,cat
29,313,8,3,cat/ship,B_shape_A_texture,0.7281899452209473,0.13051632046699524,0.04557956010103226,True,[],True,True,ship,cat
382,398,8,3,cat/ship,B_shape_A_texture,0.36578625440597534,0.13251277804374695,9.964923810912296e-05,True,[],True,True,ship,cat
475,132,8,3,cat/ship,B_shape_A_texture,0.37260279059410095,0.14432105422019958,0.0,True,[],True,True,ship,cat
151,413,8,3,cat/ship,B_shape_A_texture,0.7676070928573608,0.17094923555850983,0.0,True,[],True,True,ship,cat
311,145,8,3,cat/ship,B_shape_A_texture,0.6173248291015625,0.24710099399089813,0.005580357275903225,True,[],True,True,ship,cat
195,440,8,3,cat/ship,B_shape_A_texture,0.30771586298942566,0.2090730369091034,0.00249123084358871,True,[],True,True,ship,cat
99,453,8,3,cat/ship,B_shape_A_texture,0.47477105259895325,0.21749043464660645,0.0006576849264092743,True,[],True,True,ship,cat
341,100,8,3,cat/ship,B_shape_A_texture,0.8219164609909058,0.19929276406764984,0.0,True,[],True,True,ship,cat
262,457,8,3,cat/ship,B_shape_A_texture,0.5114349722862244,0.23807750642299652,0.025191325694322586,True,[],True,True,ship,cat
497,376,8,3,cat/ship,B_shape_A_texture,0.6159809231758118,0.16538843512535095,0.00029894770705141127,True,[],True,True,ship,cat
425,200,8,3,cat/ship,B_shape_A_texture,0.5557463765144348,0.3535318374633789,0.11082988232374191,False,['style_lost'],False,False,ship,cat
191,284,8,3,cat/ship,B_shape_A_texture,0.66220623254776,0.23664548993110657,0.0,True,[],True,True,ship,cat
83,441,8,3,cat/ship,B_shape_A_texture,0.5111972689628601,0.19130338728427887,0.0031489157117903233,True,[],True,True,ship,cat
395,305,8,3,cat/ship,B_shape_A_texture,0.764846920967102,0.2337053269147873,0.03595344349741936,True,[],True,True,ship,cat
351,244,8,3,cat/ship,B_shape_A_texture,0.7443199753761292,0.1756068468093872,3.98596930608619e-05,True,[],True,True,ship,cat
456,340,8,3,cat/ship,B_shape_A_texture,0.3663581311702728,0.15144291520118713,0.0004185267898719758,True,[],True,True,ship,cat
323,271,8,3,cat/ship,B_shape_A_texture,0.742933988571167,0.13240140676498413,5.9789541410282254e-05,True,[],True,True,ship,cat
433,300,8,3,cat/ship,B_shape_A_texture,0.46212735772132874,0.1999361217021942,3.98596930608619e-05,True,[],True,True,ship,cat
224,270,8,3,cat/ship,B_shape_A_texture,0.2751130759716034,0.2273443043231964,0.07772640138864517,True,[],True,False,ship,cat
432,95,8,3,cat/ship,B_shape_A_texture,0.6614007353782654,0.2157304584980011,0.0,True,[],True,False,ship,cat
239,484,8,3,cat/ship,B_shape_A_texture,0.6452327966690063,0.21303126215934753,1.992984653043095e-05,True,[],True,False,ship,cat
26,38,8,3,cat/ship,B_shape_A_texture,0.6856133341789246,0.2692827880382538,0.00011957908282056451,True,[],True,False,ship,cat
238,366,8,3,cat/ship,B_shape_A_texture,0.48992881178855896,0.1918216198682785,0.00249123084358871,True,[],True,False,ship,cat
35,184,8,3,cat/ship,B_shape_A_texture,0.5158916711807251,0.23668773472309113,0.00954639632254839,True,[],True,False,ship,cat
411,78,8,3,cat/ship,B_shape_A_texture,0.7027175426483154,0.2493644654750824,0.03372130170464516,True,[],True,False,ship,cat
189,131,8,3,cat/ship,B_shape_A_texture,0.5030556917190552,0.13634073734283447,0.0,True,[],True,False,ship,cat
265,331,8,3,cat/ship,B_shape_A_texture,0.6321809887886047,0.2143682837486267,0.0,True,[],True,False,ship,cat
128,135,8,3,cat/ship,B_shape_A_texture,0.5884610414505005,0.1945647895336151,0.0038265306502580643,True,[],True,False,ship,cat
468,155,8,3,cat/ship,B_shape_A_texture,0.7750973105430603,0.2580045461654663,0.0,True,[],True,False,ship,cat
490,235,8,3,cat/ship,B_shape_A_texture,0.36971890926361084,0.26893872022628784,0.02285953424870968,True,[],True,False,ship,cat
207,71,8,3,cat/ship,B_shape_A_texture,0.603476881980896,0.2373824566602707,0.0016741071594879031,True,[],True,False,ship,cat
379,368,8,3,cat/ship,B_shape_A_texture,0.39476248621940613,0.14458155632019043,0.0,True,[],True,False,ship,cat
138,470,4,9,deer/truck,A_shape_B_texture,0.6055520176887512,0.2713368237018585,0.029516102746129036,True,[],True,True,deer,truck
113,280,4,9,deer/truck,A_shape_B_texture,0.5533226728439331,0.27470365166664124,0.051020409911870956,True,[],True,True,deer,truck
133,409,4,9,deer/truck,A_shape_B_texture,0.5751851201057434,0.25972980260849,0.015246332623064518,True,[],True,True,deer,truck
124,360,4,9,deer/truck,A_shape_B_texture,0.4420182406902313,0.2206297069787979,0.020707111805677414,True,[],True,True,deer,truck
480,429,4,9,deer/truck,A_shape_B_texture,0.642245352268219,0.225124791264534,0.011957908049225807,True,[],True,True,deer,truck
81,75,4,9,deer/truck,A_shape_B_texture,0.6620276570320129,0.24819909036159515,0.0030891261994838715,True,[],True,True,deer,truck
215,472,4,9,deer/truck,A_shape_B_texture,0.4662865698337555,0.1891113668680191,0.13915018737316132,True,[],True,True,deer,truck
345,418,4,9,deer/truck,A_shape_B_texture,0.3974914848804474,0.1758551299571991,0.0007971939048729837,True,[],True,True,deer,truck
423,442,4,9,deer/truck,A_shape_B_texture,0.49245190620422363,0.19991761445999146,0.07021284848451614,True,[],True,True,deer,truck
27,410,4,9,deer/truck,A_shape_B_texture,0.5844982266426086,0.2685461640357971,0.0022122131194919348,True,[],True,True,deer,truck
82,492,4,9,deer/truck,A_shape_B_texture,0.681300163269043,0.3262941837310791,0.009446747601032257,True,[],True,True,deer,truck
344,377,4,9,deer/truck,A_shape_B_texture,0.6539666652679443,0.2589174807071686,0.01686065085232258,True,[],True,True,deer,truck
269,34,4,9,deer/truck,A_shape_B_texture,0.4924527406692505,0.3030819892883301,0.07651068270206451,True,[],True,True,deer,truck
266,160,4,9,deer/truck,A_shape_B_texture,0.7228863835334778,0.13146986067295074,0.0,True,[],True,True,deer,truck
487,218,4,9,deer/truck,A_shape_B_texture,0.5321987271308899,0.15869571268558502,0.0072943237610161304,True,[],True,True,deer,truck
316,396,4,9,deer/truck,A_shape_B_texture,0.5946937203407288,0.21101754903793335,0.008689412847161293,True,[],True,True,deer,truck
461,489,4,9,deer/truck,A_shape_B_texture,0.7007938623428345,0.21085190773010254,0.002969547174870968,True,[],True,True,deer,truck
336,283,4,9,deer/truck,A_shape_B_texture,0.26874545216560364,0.21526210010051727,0.018096301704645157,True,[],True,True,deer,truck
350,119,4,9,deer/truck,A_shape_B_texture,0.6669976115226746,0.16551725566387177,0.001235650503076613,True,[],True,True,deer,truck
175,466,4,9,deer/truck,A_shape_B_texture,0.4837971329689026,0.2681131362915039,0.07816486060619354,True,[],True,True,deer,truck
206,240,4,9,deer/truck,A_shape_B_texture,0.611873209476471,0.27820125222206116,0.0034877231810241938,True,[],True,True,deer,truck
298,111,4,9,deer/truck,A_shape_B_texture,0.35706713795661926,0.2316630482673645,0.026407048106193542,True,[],True,True,deer,truck
481,79,4,9,deer/truck,A_shape_B_texture,0.5082582831382751,0.19361375272274017,0.0015146683435887098,True,[],True,True,deer,truck
63,296,4,9,deer/truck,A_shape_B_texture,0.581612229347229,0.265639066696167,0.01827566884458065,True,[],True,True,deer,truck
28,158,4,9,deer/truck,A_shape_B_texture,0.6554134488105774,0.22100846469402313,0.0018136160215362906,True,[],True,True,deer,truck
415,314,4,9,deer/truck,A_shape_B_texture,0.5904232263565063,0.18821342289447784,0.0059988838620483875,True,[],True,False,deer,truck
137,46,4,9,deer/truck,A_shape_B_texture,0.6546357274055481,0.1684359610080719,0.0006975446594879031,True,[],True,False,deer,truck
176,188,4,9,deer/truck,A_shape_B_texture,0.49864310026168823,0.278428316116333,0.0054209185764193535,True,[],True,False,deer,truck
186,109,4,9,deer/truck,A_shape_B_texture,0.5598493814468384,0.21406610310077667,0.008051658049225807,False,['style_lost'],False,False,deer,truck
197,23,4,9,deer/truck,A_shape_B_texture,0.6199972033500671,0.3187471032142639,0.06238042190670967,True,[],True,False,deer,truck
6,414,4,9,deer/truck,A_shape_B_texture,0.5540440082550049,0.24401311576366425,0.12456154078245163,True,[],True,False,deer,truck
32,4,4,9,deer/truck,A_shape_B_texture,0.6266589760780334,0.27830278873443604,0.0025510203558951616,True,[],True,False,deer,truck
358,40,4,9,deer/truck,A_shape_B_texture,0.48314619064331055,0.239532470703125,0.0758928582072258,True,[],True,False,deer,truck
416,436,4,9,deer/truck,A_shape_B_texture,0.5700790882110596,0.2692646384239197,0.02327806130051613,True,[],True,False,deer,truck
102,491,4,9,deer/truck,A_shape_B_texture,0.5203849673271179,0.12429388612508774,0.0001594387722434476,True,[],True,False,deer,truck
62,177,4,9,deer/truck,A_shape_B_texture,0.4907689094543457,0.2203141152858734,0.043207909911870956,True,[],True,False,deer,truck
356,165,4,9,deer/truck,A_shape_B_texture,0.5496335625648499,0.1997351348400116,0.016701212152838707,True,[],True,False,deer,truck
291,319,4,9,deer/truck,A_shape_B_texture,0.69797682762146,0.2047264128923416,0.0025908800307661295,True,[],True,False,deer,truck
404,361,4,9,deer/truck,A_shape_B_texture,0.7554024457931519,0.3020147979259491,0.01992984674870968,True,[],True,False,deer,truck
405,401,4,9,deer/truck,A_shape_B_texture,0.6915172934532166,0.2576883137226105,0.0,True,[],True,False,deer,truck
280,186,9,4,deer/truck,B_shape_A_texture,0.49178430438041687,0.24180737137794495,0.02606824040412903,True,[],True,True,truck,deer
296,133,9,4,deer/truck,B_shape_A_texture,0.401341050863266,0.09352611005306244,0.0,True,[],True,True,truck,deer
165,423,9,4,deer/truck,B_shape_A_texture,0.5665830969810486,0.18638797104358673,0.001733896671794355,True,[],True,True,truck,deer
177,6,9,4,deer/truck,B_shape_A_texture,0.7320544719696045,0.38147374987602234,0.009127870202064514,False,['style_lost'],False,False,truck,deer
218,390,9,4,deer/truck,B_shape_A_texture,0.7694335579872131,0.12555906176567078,0.0,True,[],True,True,truck,deer
361,336,9,4,deer/truck,B_shape_A_texture,0.46626970171928406,0.20013555884361267,0.004962531849741936,True,[],True,True,truck,deer
401,137,9,4,deer/truck,B_shape_A_texture,0.691497266292572,0.12912482023239136,0.0,True,[],True,True,truck,deer
410,316,9,4,deer/truck,B_shape_A_texture,0.4035165011882782,0.1757696568965912,9.964923810912296e-05,True,[],True,True,truck,deer
377,27,9,4,deer/truck,B_shape_A_texture,0.5364468097686768,0.2506125569343567,0.0008769132546149194,True,[],True,True,truck,deer
231,82,9,4,deer/truck,B_shape_A_texture,0.4800075590610504,0.2465668022632599,7.97193861217238e-05,True,[],True,True,truck,deer
160,326,9,4,deer/truck,B_shape_A_texture,0.6824268698692322,0.15828058123588562,0.0004384566273074597,True,[],True,True,truck,deer
491,345,9,4,deer/truck,B_shape_A_texture,0.4217061400413513,0.18302127718925476,0.012874681502580643,True,[],True,True,truck,deer
268,81,9,4,deer/truck,B_shape_A_texture,0.5318911075592041,0.17677783966064453,0.0,True,[],True,True,truck,deer
240,344,9,4,deer/truck,B_shape_A_texture,0.5431346893310547,0.13669681549072266,0.0,True,[],True,True,truck,deer
17,63,9,4,deer/truck,B_shape_A_texture,0.3205161690711975,0.16414904594421387,7.97193861217238e-05,True,[],True,True,truck,deer
46,373,9,4,deer/truck,B_shape_A_texture,0.5038967728614807,0.1942209005355835,0.0028101084753870964,True,[],True,True,truck,deer
422,32,9,4,deer/truck,B_shape_A_texture,0.4842667877674103,0.26904433965682983,0.02443399280309677,True,[],True,True,truck,deer
127,356,9,4,deer/truck,B_shape_A_texture,0.5990946888923645,0.21655088663101196,0.0,True,[],True,True,truck,deer
79,405,9,4,deer/truck,B_shape_A_texture,0.628325343132019,0.2738167941570282,0.0010562818497419357,True,[],True,True,truck,deer
130,176,9,4,deer/truck,B_shape_A_texture,0.47503170371055603,0.1993406116962433,9.964923810912296e-05,True,[],True,True,truck,deer
119,169,9,4,deer/truck,B_shape_A_texture,0.6938344240188599,0.1049223467707634,0.0,True,[],True,True,truck,deer
360,162,9,4,deer/truck,B_shape_A_texture,0.41291728615760803,0.22807572782039642,0.0008171237423084676,True,[],True,True,truck,deer
109,496,9,4,deer/truck,B_shape_A_texture,0.5282159447669983,0.24850325286388397,0.0018136160215362906,True,[],True,True,truck,deer
492,461,9,4,deer/truck,B_shape_A_texture,0.33419084548950195,0.11912617087364197,0.00011957908282056451,True,[],True,True,truck,deer
23,206,9,4,deer/truck,B_shape_A_texture,0.40363699197769165,0.24417689442634583,0.0,True,[],True,True,truck,deer
466,48,9,4,deer/truck,B_shape_A_texture,0.4865280091762543,0.2172217220067978,0.004563935101032257,True,[],True,True,truck,deer
470,129,9,4,deer/truck,B_shape_A_texture,0.4499779939651489,0.2423361986875534,0.0048828125,True,[],True,False,truck,deer
319,215,9,4,deer/truck,B_shape_A_texture,0.5047624111175537,0.20130884647369385,9.964923810912296e-05,True,[],True,False,truck,deer
75,291,9,4,deer/truck,B_shape_A_texture,0.5613284111022949,0.24277471005916595,0.032963965088129044,True,[],True,False,truck,deer
314,350,9,4,deer/truck,B_shape_A_texture,0.6058416962623596,0.12833194434642792,0.0,True,[],True,False,truck,deer
283,487,9,4,deer/truck,B_shape_A_texture,0.42600932717323303,0.2010844647884369,0.004583864938467741,True,[],True,False,truck,deer
233,358,9,4,deer/truck,B_shape_A_texture,0.34893572330474854,0.15184424817562103,5.9789541410282254e-05,True,[],True,False,truck,deer
220,62,9,4,deer/truck,B_shape_A_texture,0.33416277170181274,0.17544953525066376,0.000737404334358871,True,[],True,False,truck,deer
429,197,9,4,deer/truck,B_shape_A_texture,0.7230331301689148,0.23105327785015106,0.020408162847161293,True,[],True,False,truck,deer
485,175,9,4,deer/truck,B_shape_A_texture,0.49650728702545166,0.18976233899593353,0.00017936862423084676,True,[],True,False,truck,deer
409,102,9,4,deer/truck,B_shape_A_texture,0.566430926322937,0.19434770941734314,0.0013352996902540326,True,[],True,False,truck,deer
158,415,9,4,deer/truck,B_shape_A_texture,0.6415403485298157,0.0837426632642746,0.0,True,[],True,False,truck,deer
414,481,9,4,deer/truck,B_shape_A_texture,0.46422961354255676,0.18112713098526,0.0,True,[],True,False,truck,deer
418,110,9,4,deer/truck,B_shape_A_texture,0.32890012860298157,0.10554458945989609,0.0,True,[],True,False,truck,deer
436,28,9,4,deer/truck,B_shape_A_texture,0.5811373591423035,0.1195857897400856,0.0,True,[],True,False,truck,deer
458,465,5,7,dog/monkey,A_shape_B_texture,0.6880860924720764,0.21001966297626495,0.0010762116871774197,True,[],True,True,dog,monkey
369,37,5,7,dog/monkey,A_shape_B_texture,0.5928372740745544,0.24648019671440125,0.02497209794819355,True,[],True,True,dog,monkey
140,365,5,7,dog/monkey,A_shape_B_texture,0.6132681965827942,0.20283031463623047,0.010084502398967743,True,[],True,True,dog,monkey
166,156,5,7,dog/monkey,A_shape_B_texture,0.8290240168571472,0.32714375853538513,0.05080118030309677,True,[],True,True,dog,monkey
205,120,5,7,dog/monkey,A_shape_B_texture,0.7241052389144897,0.21509751677513123,0.0,True,[],True,True,dog,monkey
69,452,5,7,dog/monkey,A_shape_B_texture,0.6073094010353088,0.17544321715831757,0.020746970549225807,True,[],True,True,dog,monkey
194,278,5,7,dog/monkey,A_shape_B_texture,0.7093024253845215,0.19296205043792725,0.0,True,[],True,True,dog,monkey
1,2,5,7,dog/monkey,A_shape_B_texture,0.5177456140518188,0.19034332036972046,0.0,True,[],True,True,dog,monkey
136,334,5,7,dog/monkey,A_shape_B_texture,0.573459804058075,0.28392958641052246,0.008609693497419357,True,[],True,True,dog,monkey
355,211,5,7,dog/monkey,A_shape_B_texture,0.7140979766845703,0.14064259827136993,9.964923810912296e-05,True,[],True,True,dog,monkey
73,444,5,7,dog/monkey,A_shape_B_texture,0.5219686627388,0.12747329473495483,0.0,True,[],True,True,dog,monkey
294,55,5,7,dog/monkey,A_shape_B_texture,0.6113898754119873,0.1828831285238266,0.006357621401548386,True,[],True,True,dog,monkey
397,488,5,7,dog/monkey,A_shape_B_texture,0.6549801826477051,0.22024188935756683,0.0,True,[],True,True,dog,monkey
33,287,5,7,dog/monkey,A_shape_B_texture,0.6634585857391357,0.23546993732452393,0.024055324494838715,True,[],True,True,dog,monkey
190,117,5,7,dog/monkey,A_shape_B_texture,0.7512874603271484,0.17944641411304474,0.01311383955180645,True,[],True,True,dog,monkey
241,8,5,7,dog/monkey,A_shape_B_texture,0.5783135890960693,0.19676083326339722,0.0,True,[],True,True,dog,monkey
36,182,5,7,dog/monkey,A_shape_B_texture,0.8044248819351196,0.1396441012620926,0.005361128598451614,True,[],True,True,dog,monkey
65,72,5,7,dog/monkey,A_shape_B_texture,0.7110995650291443,0.24458371102809906,0.0018335459753870964,True,[],True,True,dog,monkey
448,66,5,7,dog/monkey,A_shape_B_texture,0.6756548285484314,0.1335461288690567,0.0,True,[],True,True,dog,monkey
478,250,5,7,dog/monkey,A_shape_B_texture,0.8602747321128845,0.23238562047481537,0.0,True,[],True,True,dog,monkey
174,435,5,7,dog/monkey,A_shape_B_texture,0.7167426347732544,0.2766743302345276,0.0196707583963871,True,[],True,True,dog,monkey
221,106,5,7,dog/monkey,A_shape_B_texture,0.5706096887588501,0.16936518251895905,0.0,True,[],True,True,dog,monkey
118,427,5,7,dog/monkey,A_shape_B_texture,0.6807694435119629,0.2080456167459488,0.00021922831365372986,True,[],True,True,dog,monkey
150,217,5,7,dog/monkey,A_shape_B_texture,0.6094699501991272,0.20653940737247467,0.0008769132546149194,True,[],True,True,dog,monkey
86,471,5,7,dog/monkey,A_shape_B_texture,0.7199962139129639,0.2816566526889801,0.0020328443497419357,True,[],True,True,dog,monkey
370,420,5,7,dog/monkey,A_shape_B_texture,0.5683272480964661,0.21357864141464233,0.0030891261994838715,True,[],True,False,dog,monkey
256,315,5,7,dog/monkey,A_shape_B_texture,0.7822873592376709,0.3076475262641907,0.012575733475387096,True,[],True,False,dog,monkey
12,161,5,7,dog/monkey,A_shape_B_texture,0.5580707788467407,0.2179868370294571,0.0,True,[],True,False,dog,monkey
198,400,5,7,dog/monkey,A_shape_B_texture,0.5733159780502319,0.22089418768882751,0.009865274652838707,True,[],True,False,dog,monkey
449,64,5,7,dog/monkey,A_shape_B_texture,0.6703065633773804,0.22543473541736603,0.013711734674870968,True,[],True,False,dog,monkey
477,408,5,7,dog/monkey,A_shape_B_texture,0.8459868431091309,0.2195987105369568,0.0,True,[],True,False,dog,monkey
312,90,5,7,dog/monkey,A_shape_B_texture,0.7347350716590881,0.27832645177841187,0.10397401452064514,True,[],True,False,dog,monkey
327,469,5,7,dog/monkey,A_shape_B_texture,0.39103779196739197,0.18432177603244781,0.0,False,['style_lost'],False,False,dog,monkey
438,237,5,7,dog/monkey,A_shape_B_texture,0.6571837663650513,0.18178053200244904,0.0,True,[],True,False,dog,monkey
304,24,5,7,dog/monkey,A_shape_B_texture,0.734986424446106,0.24526134133338928,0.005161830224096775,True,[],True,False,dog,monkey
44,77,5,7,dog/monkey,A_shape_B_texture,0.7797591090202332,0.15588635206222534,0.00017936862423084676,True,[],True,False,dog,monkey
267,252,5,7,dog/monkey,A_shape_B_texture,0.6197711825370789,0.2053152471780777,0.0,True,[],True,False,dog,monkey
354,274,5,7,dog/monkey,A_shape_B_texture,0.6606852412223816,0.26082566380500793,0.03302375599741936,True,[],True,False,dog,monkey
322,92,5,7,dog/monkey,A_shape_B_texture,0.7292701005935669,0.27142417430877686,0.005281409248709679,False,['style_lost'],False,False,dog,monkey
223,394,5,7,dog/monkey,A_shape_B_texture,0.5725067257881165,0.23583269119262695,0.01130022294819355,True,[],True,False,dog,monkey
450,369,7,5,dog/monkey,B_shape_A_texture,0.722606897354126,0.1546926200389862,7.97193861217238e-05,True,[],True,True,monkey,dog
217,194,7,5,dog/monkey,B_shape_A_texture,0.5103036165237427,0.25137025117874146,0.0005181760061532259,True,[],True,True,monkey,dog
274,370,7,5,dog/monkey,B_shape_A_texture,0.7231379747390747,0.15417428314685822,0.0,True,[],True,True,monkey,dog
168,467,7,5,dog/monkey,B_shape_A_texture,0.6442366242408752,0.19875162839889526,0.0,True,[],True,True,monkey,dog
334,312,7,5,dog/monkey,B_shape_A_texture,0.3370567560195923,0.25582873821258545,7.97193861217238e-05,True,[],True,True,monkey,dog
72,174,7,5,dog/monkey,B_shape_A_texture,0.6998298764228821,0.2316274493932724,0.00029894770705141127,True,[],True,True,monkey,dog
64,118,7,5,dog/monkey,B_shape_A_texture,0.6291741728782654,0.17486509680747986,1.992984653043095e-05,True,[],True,True,monkey,dog
106,136,7,5,dog/monkey,B_shape_A_texture,0.6504940986633301,0.2665845453739166,0.0909598246216774,True,[],True,True,monkey,dog
471,389,7,5,dog/monkey,B_shape_A_texture,0.8284061551094055,0.1717206835746765,0.0,True,[],True,True,monkey,dog
420,139,7,5,dog/monkey,B_shape_A_texture,0.6383532881736755,0.08296706527471542,0.0,True,[],True,True,monkey,dog
349,205,7,5,dog/monkey,B_shape_A_texture,0.5838455557823181,0.16831809282302856,0.005002391524612904,True,[],True,True,monkey,dog
37,328,7,5,dog/monkey,B_shape_A_texture,0.6081990599632263,0.19490155577659607,0.0,True,[],True,True,monkey,dog
365,241,7,5,dog/monkey,B_shape_A_texture,0.6828213334083557,0.2718004882335663,0.011080995202064514,True,[],True,True,monkey,dog
427,150,7,5,dog/monkey,B_shape_A_texture,0.6213587522506714,0.18208305537700653,0.0023317921441048384,True,[],True,True,monkey,dog
287,354,7,5,dog/monkey,B_shape_A_texture,0.7673389315605164,0.1888919323682785,0.0,True,[],True,True,monkey,dog
39,154,7,5,dog/monkey,B_shape_A_texture,0.6676549315452576,0.19944214820861816,0.0,True,[],True,True,monkey,dog
237,327,7,5,dog/monkey,B_shape_A_texture,0.41717973351478577,0.20911075174808502,0.006277901586145163,True,[],True,True,monkey,dog
66,12,7,5,dog/monkey,B_shape_A_texture,0.670678436756134,0.23151396214962006,0.002192283049225807,True,[],True,True,monkey,dog
212,304,7,5,dog/monkey,B_shape_A_texture,0.7405701279640198,0.18647471070289612,0.0,True,[],True,True,monkey,dog
117,33,7,5,dog/monkey,B_shape_A_texture,0.7249768376350403,0.18684916198253632,0.0,True,[],True,True,monkey,dog
452,86,7,5,dog/monkey,B_shape_A_texture,0.8201338052749634,0.25331059098243713,0.0011758609907701612,True,[],True,True,monkey,dog
315,397,7,5,dog/monkey,B_shape_A_texture,0.6996000409126282,0.2542707622051239,7.97193861217238e-05,True,[],True,True,monkey,dog
8,355,7,5,dog/monkey,B_shape_A_texture,0.7603087425231934,0.16035181283950806,0.0,True,[],True,True,monkey,dog
211,44,7,5,dog/monkey,B_shape_A_texture,0.6692977547645569,0.20986533164978027,0.0018734056502580643,True,[],True,True,monkey,dog
394,166,7,5,dog/monkey,B_shape_A_texture,0.671697735786438,0.18466871976852417,0.0,True,[],True,True,monkey,dog
252,438,7,5,dog/monkey,B_shape_A_texture,0.7411916851997375,0.1713876724243164,0.0,True,[],True,False,monkey,dog
55,73,7,5,dog/monkey,B_shape_A_texture,0.3640215992927551,0.06938941031694412,0.0357142873108387,True,[],True,False,monkey,dog
120,69,7,5,dog/monkey,B_shape_A_texture,0.682626485824585,0.22128058969974518,0.005082110874354839,True,[],True,False,monkey,dog
51,65,7,5,dog/monkey,B_shape_A_texture,0.6483232378959656,0.19587789475917816,0.023058833554387093,True,[],True,False,monkey,dog
488,140,7,5,dog/monkey,B_shape_A_texture,0.6221963167190552,0.16578620672225952,0.0,True,[],True,False,monkey,dog
408,458,7,5,dog/monkey,B_shape_A_texture,0.6138719320297241,0.18239465355873108,0.006517060101032257,True,[],True,False,monkey,dog
278,449,7,5,dog/monkey,B_shape_A_texture,0.7849562168121338,0.12722580134868622,0.0,True,[],True,False,monkey,dog
435,1,7,5,dog/monkey,B_shape_A_texture,0.6473690271377563,0.25370046496391296,0.0028300383128225803,False,['style_lost'],False,False,monkey,dog
2,223,7,5,dog/monkey,B_shape_A_texture,0.6865052580833435,0.1745496690273285,0.0,True,[],True,False,monkey,dog
465,190,7,5,dog/monkey,B_shape_A_texture,0.7010383009910583,0.09913378208875656,0.0,True,[],True,False,monkey,dog
161,439,7,5,dog/monkey,B_shape_A_texture,0.6290732026100159,0.24341878294944763,0.022102199494838715,True,[],True,False,monkey,dog
444,30,7,5,dog/monkey,B_shape_A_texture,0.6510971188545227,0.20619332790374756,0.0040656886994838715,True,[],True,False,monkey,dog
483,322,7,5,dog/monkey,B_shape_A_texture,0.8443374633789062,0.23682016134262085,0.0,True,[],True,False,monkey,dog
90,267,7,5,dog/monkey,B_shape_A_texture,0.6363400220870972,0.09740070253610611,0.0,True,[],True,False,monkey,dog
364,163,7,5,dog/monkey,B_shape_A_texture,0.6419787406921387,0.17538298666477203,0.0,True,[],True,False,monkey,dog
