config,true,pred,count
source_only,dog,dog,134
source_only,dog,elephant,305
source_only,dog,giraffe,163
source_only,dog,guitar,0
source_only,dog,horse,92
source_only,dog,house,0
source_only,dog,person,78
source_only,elephant,dog,3
source_only,elephant,elephant,716
source_only,elephant,giraffe,10
source_only,elephant,guitar,0
source_only,elephant,horse,1
source_only,elephant,house,0
source_only,elephant,person,10
source_only,giraffe,dog,3
source_only,giraffe,elephant,62
source_only,giraffe,giraffe,602
source_only,giraffe,guitar,10
source_only,giraffe,horse,53
source_only,giraffe,house,0
source_only,giraffe,person,23
source_only,guitar,dog,0
source_only,guitar,elephant,16
source_only,guitar,giraffe,36
source_only,guitar,guitar,549
source_only,guitar,horse,0
source_only,guitar,house,0
source_only,guitar,person,7
source_only,horse,dog,8
source_only,horse,elephant,145
source_only,horse,giraffe,176
source_only,horse,guitar,4
source_only,horse,horse,464
source_only,horse,house,0
source_only,horse,person,19
source_only,house,dog,0
source_only,house,elephant,9
source_only,house,giraffe,5
source_only,house,guitar,2
source_only,house,horse,0
source_only,house,house,57
source_only,house,person,7
source_only,person,dog,0
source_only,person,elephant,12
source_only,person,giraffe,19
source_only,person,guitar,0
source_only,person,horse,0
source_only,person,house,0
source_only,person,person,129
dan,dog,dog,368
dan,dog,elephant,79
dan,dog,giraffe,32
dan,dog,guitar,0
dan,dog,horse,53
dan,dog,house,64
dan,dog,person,176
dan,elephant,dog,7
dan,elephant,elephant,618
dan,elephant,giraffe,0
dan,elephant,guitar,0
dan,elephant,horse,6
dan,elephant,house,77
dan,elephant,person,32
dan,giraffe,dog,26
dan,giraffe,elephant,21
dan,giraffe,giraffe,506
dan,giraffe,guitar,1
dan,giraffe,horse,40
dan,giraffe,house,57
dan,giraffe,person,102
dan,guitar,dog,0
dan,guitar,elephant,29
dan,guitar,giraffe,10
dan,guitar,guitar,496
dan,guitar,horse,3
dan,guitar,house,47
dan,guitar,person,23
dan,horse,dog,37
dan,horse,elephant,36
dan,horse,giraffe,42
dan,horse,guitar,0
dan,horse,horse,573
dan,horse,house,90
dan,horse,person,38
dan,house,dog,0
dan,house,elephant,0
dan,house,giraffe,0
dan,house,guitar,0
dan,house,horse,0
dan,house,house,80
dan,house,person,0
dan,person,dog,0
dan,person,elephant,0
dan,person,giraffe,0
dan,person,guitar,0
dan,person,horse,0
dan,person,house,55
dan,person,person,105
dann_discbn,dog,dog,355
dann_discbn,dog,elephant,63
dann_discbn,dog,giraffe,17
dann_discbn,dog,guitar,10
dann_discbn,dog,horse,184
dann_discbn,dog,house,2
dann_discbn,dog,person,141
dann_discbn,elephant,dog,162
dann_discbn,elephant,elephant,426
dann_discbn,elephant,giraffe,1
dann_discbn,elephant,guitar,4
dann_discbn,elephant,horse,78
dann_discbn,elephant,house,2
dann_discbn,elephant,person,67
dann_discbn,giraffe,dog,79
dann_discbn,giraffe,elephant,12
dann_discbn,giraffe,giraffe,316
dann_discbn,giraffe,guitar,104
dann_discbn,giraffe,horse,117
dann_discbn,giraffe,house,2
dann_discbn,giraffe,person,123
dann_discbn,guitar,dog,1
dann_discbn,guitar,elephant,5
dann_discbn,guitar,giraffe,0
dann_discbn,guitar,guitar,597
dann_discbn,guitar,horse,0
dann_discbn,guitar,house,0
dann_discbn,guitar,person,5
dann_discbn,horse,dog,40
dann_discbn,horse,elephant,11
dann_discbn,horse,giraffe,9
dann_discbn,horse,guitar,19
dann_discbn,horse,horse,655
dann_discbn,horse,house,1
dann_discbn,horse,person,81
dann_discbn,house,dog,0
dann_discbn,house,elephant,1
dann_discbn,house,giraffe,0
dann_discbn,house,guitar,4
dann_discbn,house,horse,0
dann_discbn,house,house,75
dann_discbn,house,person,0
dann_discbn,person,dog,2
dann_discbn,person,elephant,1
dann_discbn,person,giraffe,2
dann_discbn,person,guitar,16
dann_discbn,person,horse,2
dann_discbn,person,house,0
dann_discbn,person,person,137
cdan_discbn,dog,dog,426
cdan_discbn,dog,elephant,8
cdan_discbn,dog,giraffe,0
cdan_discbn,dog,guitar,0
cdan_discbn,dog,horse,60
cdan_discbn,dog,house,107
cdan_discbn,dog,person,171
cdan_discbn,elephant,dog,58
cdan_discbn,elephant,elephant,333
cdan_discbn,elephant,giraffe,0
cdan_discbn,elephant,guitar,0
cdan_discbn,elephant,horse,23
cdan_discbn,elephant,house,170
cdan_discbn,elephant,person,156
cdan_discbn,giraffe,dog,191
cdan_discbn,giraffe,elephant,1
cdan_discbn,giraffe,giraffe,114
cdan_discbn,giraffe,guitar,0
cdan_discbn,giraffe,horse,94
cdan_discbn,giraffe,house,222
cdan_discbn,giraffe,person,131
cdan_discbn,guitar,dog,0
cdan_discbn,guitar,elephant,3
cdan_discbn,guitar,giraffe,0
cdan_discbn,guitar,guitar,499
cdan_discbn,guitar,horse,2
cdan_discbn,guitar,house,85
cdan_discbn,guitar,person,19
cdan_discbn,horse,dog,56
cdan_discbn,horse,elephant,0
cdan_discbn,horse,giraffe,0
cdan_discbn,horse,guitar,0
cdan_discbn,horse,horse,491
cdan_discbn,horse,house,241
cdan_discbn,horse,person,28
cdan_discbn,house,dog,0
cdan_discbn,house,elephant,0
cdan_discbn,house,giraffe,0
cdan_discbn,house,guitar,0
cdan_discbn,house,horse,0
cdan_discbn,house,house,80
cdan_discbn,house,person,0
cdan_discbn,person,dog,0
cdan_discbn,person,elephant,0
cdan_discbn,person,giraffe,0
cdan_discbn,person,guitar,0
cdan_discbn,person,horse,0
cdan_discbn,person,house,66
cdan_discbn,person,person,94
dann_disclr10,dog,dog,355
dann_disclr10,dog,elephant,111
dann_disclr10,dog,giraffe,42
dann_disclr10,dog,guitar,0
dann_disclr10,dog,horse,13
dann_disclr10,dog,house,19
dann_disclr10,dog,person,232
dann_disclr10,elephant,dog,23
dann_disclr10,elephant,elephant,637
dann_disclr10,elephant,giraffe,1
dann_disclr10,elephant,guitar,0
dann_disclr10,elephant,horse,0
dann_disclr10,elephant,house,25
dann_disclr10,elephant,person,54
dann_disclr10,giraffe,dog,32
dann_disclr10,giraffe,elephant,30
dann_disclr10,giraffe,giraffe,594
dann_disclr10,giraffe,guitar,5
dann_disclr10,giraffe,horse,15
dann_disclr10,giraffe,house,8
dann_disclr10,giraffe,person,69
dann_disclr10,guitar,dog,0
dann_disclr10,guitar,elephant,7
dann_disclr10,guitar,giraffe,8
dann_disclr10,guitar,guitar,575
dann_disclr10,guitar,horse,0
dann_disclr10,guitar,house,2
dann_disclr10,guitar,person,16
dann_disclr10,horse,dog,121
dann_disclr10,horse,elephant,77
dann_disclr10,horse,giraffe,99
dann_disclr10,horse,guitar,8
dann_disclr10,horse,horse,394
dann_disclr10,horse,house,33
dann_disclr10,horse,person,84
dann_disclr10,house,dog,0
dann_disclr10,house,elephant,0
dann_disclr10,house,giraffe,0
dann_disclr10,house,guitar,0
dann_disclr10,house,horse,0
dann_disclr10,house,house,80
dann_disclr10,house,person,0
dann_disclr10,person,dog,0
dann_disclr10,person,elephant,1
dann_disclr10,person,giraffe,0
dann_disclr10,person,guitar,0
dann_disclr10,person,horse,0
dann_disclr10,person,house,0
dann_disclr10,person,person,159
cdan_disclr10,dog,dog,351
cdan_disclr10,dog,elephant,57
cdan_disclr10,dog,giraffe,19
cdan_disclr10,dog,guitar,0
cdan_disclr10,dog,horse,278
cdan_disclr10,dog,house,24
cdan_disclr10,dog,person,43
cdan_disclr10,elephant,dog,38
cdan_disclr10,elephant,elephant,563
cdan_disclr10,elephant,giraffe,2
cdan_disclr10,elephant,guitar,0
cdan_disclr10,elephant,horse,104
cdan_disclr10,elephant,house,17
cdan_disclr10,elephant,person,16
cdan_disclr10,giraffe,dog,64
cdan_disclr10,giraffe,elephant,5
cdan_disclr10,giraffe,giraffe,531
cdan_disclr10,giraffe,guitar,3
cdan_disclr10,giraffe,horse,128
cdan_disclr10,giraffe,house,16
cdan_disclr10,giraffe,person,6
cdan_disclr10,guitar,dog,1
cdan_disclr10,guitar,elephant,3
cdan_disclr10,guitar,giraffe,8
cdan_disclr10,guitar,guitar,580
cdan_disclr10,guitar,horse,5
cdan_disclr10,guitar,house,7
cdan_disclr10,guitar,person,4
cdan_disclr10,horse,dog,24
cdan_disclr10,horse,elephant,0
cdan_disclr10,horse,giraffe,5
cdan_disclr10,horse,guitar,0
cdan_disclr10,horse,horse,754
cdan_disclr10,horse,house,26
cdan_disclr10,horse,person,7
cdan_disclr10,house,dog,0
cdan_disclr10,house,elephant,0
cdan_disclr10,house,giraffe,0
cdan_disclr10,house,guitar,0
cdan_disclr10,house,horse,0
cdan_disclr10,house,house,80
cdan_disclr10,house,person,0
cdan_disclr10,person,dog,0
cdan_disclr10,person,elephant,1
cdan_disclr10,person,giraffe,0
cdan_disclr10,person,guitar,0
cdan_disclr10,person,horse,1
cdan_disclr10,person,house,7
cdan_disclr10,person,person,151
dann,dog,dog,59
dann,dog,elephant,79
dann,dog,giraffe,27
dann,dog,guitar,39
dann,dog,horse,63
dann,dog,house,0
dann,dog,person,505
dann,elephant,dog,34
dann,elephant,elephant,344
dann,elephant,giraffe,3
dann,elephant,guitar,10
dann,elephant,horse,29
dann,elephant,house,0
dann,elephant,person,320
dann,giraffe,dog,54
dann,giraffe,elephant,15
dann,giraffe,giraffe,199
dann,giraffe,guitar,128
dann,giraffe,horse,18
dann,giraffe,house,0
dann,giraffe,person,339
dann,guitar,dog,0
dann,guitar,elephant,22
dann,guitar,giraffe,4
dann,guitar,guitar,520
dann,guitar,horse,0
dann,guitar,house,1
dann,guitar,person,61
dann,horse,dog,18
dann,horse,elephant,84
dann,horse,giraffe,25
dann,horse,guitar,50
dann,horse,horse,78
dann,horse,house,0
dann,horse,person,561
dann,house,dog,0
dann,house,elephant,9
dann,house,giraffe,0
dann,house,guitar,44
dann,house,horse,0
dann,house,house,26
dann,house,person,1
dann,person,dog,0
dann,person,elephant,11
dann,person,giraffe,1
dann,person,guitar,72
dann,person,horse,0
dann,person,house,0
dann,person,person,76
cdan,dog,dog,740
cdan,dog,elephant,1
cdan,dog,giraffe,0
cdan,dog,guitar,0
cdan,dog,horse,3
cdan,dog,house,9
cdan,dog,person,19
cdan,elephant,dog,642
cdan,elephant,elephant,83
cdan,elephant,giraffe,0
cdan,elephant,guitar,0
cdan,elephant,horse,1
cdan,elephant,house,7
cdan,elephant,person,7
cdan,giraffe,dog,424
cdan,giraffe,elephant,1
cdan,giraffe,giraffe,254
cdan,giraffe,guitar,0
cdan,giraffe,horse,47
cdan,giraffe,house,20
cdan,giraffe,person,7
cdan,guitar,dog,38
cdan,guitar,elephant,0
cdan,guitar,giraffe,3
cdan,guitar,guitar,541
cdan,guitar,horse,2
cdan,guitar,house,15
cdan,guitar,person,9
cdan,horse,dog,582
cdan,horse,elephant,0
cdan,horse,giraffe,0
cdan,horse,guitar,0
cdan,horse,horse,212
cdan,horse,house,19
cdan,horse,person,3
cdan,house,dog,0
cdan,house,elephant,0
cdan,house,giraffe,0
cdan,house,guitar,0
cdan,house,horse,0
cdan,house,house,80
cdan,house,person,0
cdan,person,dog,6
cdan,person,elephant,0
cdan,person,giraffe,0
cdan,person,guitar,0
cdan,person,horse,0
cdan,person,house,4
cdan,person,person,150
dan_lambda0.1,dog,dog,478
dan_lambda0.1,dog,elephant,69
dan_lambda0.1,dog,giraffe,9
dan_lambda0.1,dog,guitar,0
dan_lambda0.1,dog,horse,38
dan_lambda0.1,dog,house,56
dan_lambda0.1,dog,person,122
dan_lambda0.1,elephant,dog,51
dan_lambda0.1,elephant,elephant,603
dan_lambda0.1,elephant,giraffe,0
dan_lambda0.1,elephant,guitar,0
dan_lambda0.1,elephant,horse,2
dan_lambda0.1,elephant,house,45
dan_lambda0.1,elephant,person,39
dan_lambda0.1,giraffe,dog,97
dan_lambda0.1,giraffe,elephant,16
dan_lambda0.1,giraffe,giraffe,473
dan_lambda0.1,giraffe,guitar,0
dan_lambda0.1,giraffe,horse,36
dan_lambda0.1,giraffe,house,60
dan_lambda0.1,giraffe,person,71
dan_lambda0.1,guitar,dog,0
dan_lambda0.1,guitar,elephant,4
dan_lambda0.1,guitar,giraffe,4
dan_lambda0.1,guitar,guitar,571
dan_lambda0.1,guitar,horse,0
dan_lambda0.1,guitar,house,6
dan_lambda0.1,guitar,person,23
dan_lambda0.1,horse,dog,84
dan_lambda0.1,horse,elephant,25
dan_lambda0.1,horse,giraffe,13
dan_lambda0.1,horse,guitar,0
dan_lambda0.1,horse,horse,500
dan_lambda0.1,horse,house,149
dan_lambda0.1,horse,person,45
dan_lambda0.1,house,dog,0
dan_lambda0.1,house,elephant,0
dan_lambda0.1,house,giraffe,0
dan_lambda0.1,house,guitar,0
dan_lambda0.1,house,horse,0
dan_lambda0.1,house,house,80
dan_lambda0.1,house,person,0
dan_lambda0.1,person,dog,0
dan_lambda0.1,person,elephant,0
dan_lambda0.1,person,giraffe,1
dan_lambda0.1,person,guitar,0
dan_lambda0.1,person,horse,0
dan_lambda0.1,person,house,38
dan_lambda0.1,person,person,121
dan_lambda10,dog,dog,0
dan_lambda10,dog,elephant,0
dan_lambda10,dog,giraffe,0
dan_lambda10,dog,guitar,0
dan_lambda10,dog,horse,0
dan_lambda10,dog,house,0
dan_lambda10,dog,person,772
dan_lambda10,elephant,dog,0
dan_lambda10,elephant,elephant,0
dan_lambda10,elephant,giraffe,0
dan_lambda10,elephant,guitar,0
dan_lambda10,elephant,horse,0
dan_lambda10,elephant,house,0
dan_lambda10,elephant,person,740
dan_lambda10,giraffe,dog,0
dan_lambda10,giraffe,elephant,0
dan_lambda10,giraffe,giraffe,0
dan_lambda10,giraffe,guitar,0
dan_lambda10,giraffe,horse,0
dan_lambda10,giraffe,house,0
dan_lambda10,giraffe,person,753
dan_lambda10,guitar,dog,0
dan_lambda10,guitar,elephant,0
dan_lambda10,guitar,giraffe,0
dan_lambda10,guitar,guitar,0
dan_lambda10,guitar,horse,0
dan_lambda10,guitar,house,0
dan_lambda10,guitar,person,608
dan_lambda10,horse,dog,0
dan_lambda10,horse,elephant,0
dan_lambda10,horse,giraffe,0
dan_lambda10,horse,guitar,0
dan_lambda10,horse,horse,0
dan_lambda10,horse,house,0
dan_lambda10,horse,person,816
dan_lambda10,house,dog,0
dan_lambda10,house,elephant,0
dan_lambda10,house,giraffe,0
dan_lambda10,house,guitar,0
dan_lambda10,house,horse,0
dan_lambda10,house,house,0
dan_lambda10,house,person,80
dan_lambda10,person,dog,0
dan_lambda10,person,elephant,0
dan_lambda10,person,giraffe,0
dan_lambda10,person,guitar,0
dan_lambda10,person,horse,0
dan_lambda10,person,house,0
dan_lambda10,person,person,160
